Year,EPICADome,LawDome,CapeGrim,MaunaLoa,ShetlandIslands
-797446.1,399.3,,,,
-796467.4,457.8,,,,
-795327.0,396.1,,,,
-794369.7,418.0,,,,
-792988.0,428.3,,,,
-792449.6,419.66666669999995,,,,
-791645.5,451.2,,,,
-790877.0,469.66666669999995,,,,
-790044.8,466.2,,,,
-789426.6,503.0,,,,
-788740.4,483.0,,,,
-788087.6,540.3333332999999,,,,
-787312.0,543.2,,,,
-786864.7,561.6666667000001,,,,
-786172.7,588.9,,,,
-785723.2,659.3333332999999,,,,
-784988.2,713.4,,,,
-784698.6,699.0,,,,
-784589.8,738.67,,,,
-784539.9,723.0,,,,
-784009.5,676.9,,,,
-783436.1,686.3333332999999,,,,
-782689.9,639.4,,,,
-782157.5,653.3333332999999,,,,
-781478.0,618.0,,,,
-780900.5,639.3333332999999,,,,
-780007.1,623.3,,,,
-779682.9,633.3333332999999,,,,
-778794.8,629.9,,,,
-778144.6,616.0,,,,
-777333.2,598.3,,,,
-776810.3,614.0,,,,
-776081.5,681.0,,,,
-775460.3,657.6666667000001,,,,
-774605.1,601.2,,,,
-774043.8,617.6666667000001,,,,
-773295.5,577.4,,,,
-772575.4,583.3333332999999,,,,
-771681.9,548.5,,,,
-771049.3,565.6666667000001,,,,
-770248.5,529.5,,,,
-770063.6,538.6666667000001,,,,
-769878.6,543.0,,,,
-769590.8,556.0,,,,
-769255.1,639.3333332999999,,,,
-768980.6,646.6666667000001,,,,
-768651.7,632.1,,,,
-768344.1,629.7,,,,
-768129.9,621.6666667000001,,,,
-767776.6,616.3,,,,
-767629.8,587.0,,,,
-767349.6,569.8,,,,
-766740.6,568.0,,,,
-765671.2,486.4,,,,
-765121.4,519.0,,,,
-764296.1,466.7,,,,
-763935.9,462.0,,,,
-763555.4,469.66666669999995,,,,
-763272.1,500.0,,,,
-763133.6,535.0,,,,
-762798.3,517.8,,,,
-762634.7,563.3333332999999,,,,
-762193.3,549.3333332999999,,,,
-761867.7,556.0,,,,
-761513.3,538.4,,,,
-760876.8,521.0,,,,
-760088.6,474.3,,,,
-759624.4,473.2,,,,
-758685.7,453.7,,,,
-758065.2,462.33333330000005,,,,
-757250.2,433.6,,,,
-756866.5,421.0,,,,
-756431.6,485.66666669999995,,,,
-756193.3,497.66666669999995,,,,
-756050.2,498.1,,,,
-755557.8,505.33333330000005,,,,
-755265.8,479.66666669999995,,,,
-755045.1,473.3,,,,
-754835.7,439.4,,,,
-754370.5,419.0,,,,
-753665.2,444.5,,,,
-753189.6,429.0,,,,
-752398.9,406.4,,,,
-752070.0,409.6666667,,,,
-750617.6,431.33333330000005,,,,
-749805.3,400.9,,,,
-749303.8,428.33333330000005,,,,
-748653.2,407.6,,,,
-748094.9,399.6666667,,,,
-747369.6,377.5,,,,
-746919.5,408.6666667,,,,
-746283.3,392.2,,,,
-745766.4,404.6666667,,,,
-745099.5,402.4,,,,
-744652.7,428.0,,,,
-744054.6,415.1,,,,
-743522.4,432.33333330000005,,,,
-742824.4,421.3,,,,
-742362.3,421.66666669999995,,,,
-741756.3,439.1,,,,
-741257.3,422.33333330000005,,,,
-740552.5,401.5,,,,
-740121.4,409.3333333,,,,
-739472.9,387.7,,,,
-738917.7,414.0,,,,
-738261.5,410.6,,,,
-737859.8,403.0,,,,
-737323.4,408.3,,,,
-736868.5,407.3333333,,,,
-736179.9,423.0,,,,
-735872.3,507.66666669999995,,,,
-735335.5,541.9,,,,
-734972.9,561.0,,,,
-734462.6,545.9,,,,
-734106.6,541.0,,,,
-733574.1,517.6,,,,
-733151.1,531.3333333,,,,
-732638.3,519.9,,,,
-732244.4,519.3333333,,,,
-731697.9,529.5,,,,
-731209.4,525.3333333,,,,
-730511.0,520.5,,,,
-730196.0,537.3333332999999,,,,
-729491.5,511.7,,,,
-729076.6,538.0,,,,
-728293.2,544.6,,,,
-727804.0,551.0,,,,
-726923.0,530.3333333,,,,
-726502.6,559.0,,,,
-725757.3,530.8,,,,
-725230.1,540.6666667000001,,,,
-724544.9,504.3,,,,
-723918.5,561.0,,,,
-722970.2,478.45,,,,
-722423.1,581.0,,,,
-721737.7,559.6,,,,
-721021.6,566.3333332999999,,,,
-719971.1,514.7,,,,
-719307.7,491.33333330000005,,,,
-718582.9,401.1,,,,
-717691.6,407.6666667,,,,
-716685.4,391.7,,,,
-716013.0,402.6666667,,,,
-715244.5,398.8,,,,
-714513.0,434.66666669999995,,,,
-713700.0,531.3,,,,
-713164.9,570.0,,,,
-712239.3,577.0,,,,
-711787.7,593.0,,,,
-711060.4,596.8,,,,
-710414.8,587.6666667000001,,,,
-709618.8,573.2,,,,
-709001.4,591.0,,,,
-708191.3,556.3,,,,
-707808.5,567.7,,,,
-707680.6,611.3333332999999,,,,
-706903.7,520.5,,,,
-706419.7,512.3,,,,
-705648.7,504.5,,,,
-705202.7,519.3,,,,
-704452.3,610.3333332999999,,,,
-704026.5,610.3333332999999,,,,
-703387.3,584.6,,,,
-702911.3,602.3333332999999,,,,
-702258.4,588.0,,,,
-701925.6,593.3333332999999,,,,
-701377.0,582.0,,,,
-700968.2,605.3333332999999,,,,
-700513.3,593.9,,,,
-700101.8,584.3333332999999,,,,
-699581.2,570.8,,,,
-699253.2,594.6666667000001,,,,
-698715.3,578.4,,,,
-698395.5,581.0,,,,
-697921.7,565.774,,,,
-697606.9,594.0,,,,
-697181.7,604.3333332999999,,,,
-696323.8,588.0,,,,
-696096.6,604.6666667000001,,,,
-695657.8,603.7,,,,
-694967.5,623.8,,,,
-694692.8,644.6666667000001,,,,
-694279.0,642.9,,,,
-694030.1,647.2,,,,
-693621.2,631.7,,,,
-693349.1,652.0,,,,
-692955.0,635.3,,,,
-692699.2,638.6666667000001,,,,
-692313.4,629.0,,,,
-692055.3,615.0,,,,
-691416.1,590.1,,,,
-691006.0,601.5,,,,
-690749.9,595.5,,,,
-690352.9,557.4,,,,
-690085.1,570.3333332999999,,,,
-689672.1,567.6,,,,
-689416.2,584.3333332999999,,,,
-688756.8,561.0,,,,
-688329.5,548.9,,,,
-688033.2,555.3333332999999,,,,
-687608.8,540.0,,,,
-687345.7,556.6666667000001,,,,
-686898.0,541.5,,,,
-686634.6,537.6666667000001,,,,
-686203.8,527.3,,,,
-685935.9,529.3,,,,
-685473.8,537.6,,,,
-684737.2,522.5,,,,
-684441.3,521.0,,,,
-683975.3,513.7,,,,
-683749.3,507.66666669999995,,,,
-682911.6,519.6,,,,
-682435.5,504.3,,,,
-682104.5,498.66666669999995,,,,
-681617.1,498.1,,,,
-681309.9,494.0,,,,
-680776.6,543.06,,,,
-680702.6,523.0,,,,
-680439.4,505.33333330000005,,,,
-679822.0,485.6,,,,
-679466.7,481.5,,,,
-678896.2,489.5,,,,
-678606.3,465.66666669999995,,,,
-678160.5,445.7,,,,
-677785.7,459.66666669999995,,,,
-677246.1,543.9,,,,
-677148.9,500.33333330000005,,,,
-676882.4,494.0,,,,
-676236.1,495.4,,,,
-675913.5,491.1,,,,
-675341.7,463.5,,,,
-675022.5,466.0,,,,
-674597.5,454.6,,,,
-674206.2,536.0,,,,
-673589.7,551.48,,,,
-673159.0,554.3333332999999,,,,
-672458.3,564.0,,,,
-672163.5,562.4,,,,
-671487.7,512.45,,,,
-671112.9,529.0,,,,
-670381.6,471.1,,,,
-669973.9,462.33333330000005,,,,
-669275.8,439.3,,,,
-669049.6,483.0,,,,
-668964.5,489.33333330000005,,,,
-667679.0,396.3,,,,
-666842.2,390.2,,,,
-666375.8,385.0,,,,
-665639.5,364.5,,,,
-665029.8,374.3333333,,,,
-664267.5,376.0,,,,
-662083.7,413.6,,,,
-660574.1,384.3333333,,,,
-659084.3,401.6666667,,,,
-657454.2,359.25,,,,
-655794.8,343.5,,,,
-654857.4,398.3333333,,,,
-654141.0,414.0,,,,
-652530.6,396.6666667,,,,
-650704.9,409.0,,,,
-648727.4,414.4,,,,
-646941.5,425.66666669999995,,,,
-644705.6,428.66666669999995,,,,
-642524.5,428.66666669999995,,,,
-641233.7,386.3333333,,,,
-640488.8,369.4,,,,
-637648.5,373.0,,,,
-634926.6,373.3333333,,,,
-632346.8,360.6666667,,,,
-629795.0,376.4,,,,
-627140.1,355.6666667,,,,
-625076.3,386.3333333,,,,
-624069.5,474.0,,,,
-623521.4,478.33333330000005,,,,
-622646.1,572.6666667000001,,,,
-622066.6,571.7,,,,
-621230.2,618.3333332999999,,,,
-620626.4,660.6666667000001,,,,
-619746.2,626.6666667000001,,,,
-619097.2,609.3333332999999,,,,
-617730.0,602.3333332999999,,,,
-616396.4,603.8,,,,
-615003.4,611.0,,,,
-613630.2,617.0,,,,
-612402.6,620.3333332999999,,,,
-611220.1,600.7,,,,
-610005.3,619.6666667000001,,,,
-608838.5,592.6666667000001,,,,
-607636.8,582.6666667000001,,,,
-606941.1,576.6666667000001,,,,
-606475.2,577.9,,,,
-605204.6,537.6666667000001,,,,
-603906.7,532.6666667,,,,
-602511.6,503.0,,,,
-601116.2,525.9,,,,
-599695.4,542.3333332999999,,,,
-598280.8,534.3333333,,,,
-596845.1,544.0,,,,
-595983.6,495.66666669999995,,,,
-595323.8,465.0,,,,
-593950.3,448.33333330000005,,,,
-593158.6,463.0,,,,
-592512.3,538.6666667000001,,,,
-591387.9,509.66666669999995,,,,
-590203.7,483.0,,,,
-588430.4,428.33333330000005,,,,
-587885.8,480.33333330000005,,,,
-586664.7,468.0,,,,
-585595.9,451.2,,,,
-584416.6,470.33333330000005,,,,
-580955.7,482.4,,,,
-580024.3,488.33333330000005,,,,
-579114.4,484.33333330000005,,,,
-578373.1,505.0,,,,
-578004.4,520.6666667,,,,
-577787.5,608.7,,,,
-577199.3,618.3333332999999,,,,
-576641.5,601.6666667000001,,,,
-576100.3,602.0,,,,
-575582.6,578.9,,,,
-575051.6,596.6666667000001,,,,
-574552.5,584.0,,,,
-574039.1,589.3333332999999,,,,
-573572.5,580.5,,,,
-573097.2,600.0,,,,
-572646.0,605.0,,,,
-572197.0,619.5,,,,
-571749.1,598.4,,,,
-571311.6,613.3333332999999,,,,
-570899.2,612.0,,,,
-570475.0,614.0,,,,
-570050.7,603.8,,,,
-569652.4,610.3333332999999,,,,
-569228.5,594.0,,,,
-568816.3,597.0,,,,
-568418.6,579.8,,,,
-567997.2,587.6666667000001,,,,
-567598.1,589.0,,,,
-567208.5,590.0,,,,
-566820.5,588.5,,,,
-566429.5,613.0,,,,
-566037.3,615.0,,,,
-565642.4,603.3333332999999,,,,
-565268.4,620.0,,,,
-564888.5,626.0,,,,
-564501.4,618.0,,,,
-564107.5,627.0,,,,
-563734.5,576.5,,,,
-563335.0,589.3333332999999,,,,
-562958.7,581.3333332999999,,,,
-562571.8,579.0,,,,
-562184.7,549.5,,,,
-561780.9,554.0,,,,
-561393.9,528.6666667,,,,
-560968.7,532.3333333,,,,
-560549.4,494.6,,,,
-560137.8,497.0,,,,
-559692.3,486.0,,,,
-559452.8,483.66666669999995,,,,
-558972.4,464.33333330000005,,,,
-558500.1,510.66666669999995,,,,
-558291.0,515.6666667,,,,
-557811.4,501.33333330000005,,,,
-557289.9,492.33333330000005,,,,
-556745.2,467.9,,,,
-556227.4,442.66666669999995,,,,
-555723.0,442.66666669999995,,,,
-555222.5,495.66666669999995,,,,
-554777.9,530.6666667,,,,
-554168.1,575.3333332999999,,,,
-553664.1,577.6666667000001,,,,
-553172.6,557.3333332999999,,,,
-552629.5,519.4,,,,
-552016.0,500.66666669999995,,,,
-551369.1,471.33333330000005,,,,
-550729.5,431.33333330000005,,,,
-550369.8,443.0,,,,
-549988.4,490.8,,,,
-549146.7,477.33333330000005,,,,
-548353.2,472.0,,,,
-547504.2,456.33333330000005,,,,
-546586.8,433.5,,,,
-545583.6,390.0,,,,
-544707.4,408.6666667,,,,
-543499.4,418.3333333,,,,
-542398.4,426.5,,,,
-541241.1,404.6666667,,,,
-540029.5,408.0,,,,
-538845.7,391.0,,,,
-537668.5,399.6,,,,
-536984.9,415.3333333,,,,
-536460.0,448.0,,,,
-535778.9,467.33333330000005,,,,
-535287.6,496.66666669999995,,,,
-534187.5,490.33333330000005,,,,
-532968.1,449.4,,,,
-531900.6,458.0,,,,
-530766.0,422.33333330000005,,,,
-529680.0,420.33333330000005,,,,
-528618.6,449.8,,,,
-527623.6,440.66666669999995,,,,
-526750.6,463.66666669999995,,,,
-526243.9,519.6666667,,,,
-525928.1,518.3333333,,,,
-525140.4,528.9,,,,
-524364.1,541.0,,,,
-523635.4,538.0,,,,
-522872.6,533.6666667,,,,
-522127.9,517.8,,,,
-521366.9,533.6666667,,,,
-520639.8,516.0,,,,
-519954.8,535.0,,,,
-519310.9,521.9,,,,
-518647.2,524.0,,,,
-516721.8,499.1,,,,
-516095.4,512.3333333,,,,
-515467.0,507.33333330000005,,,,
-514821.8,508.0,,,,
-514453.7,501.33333330000005,,,,
-514178.7,477.4,,,,
-513807.7,482.66666669999995,,,,
-513544.6,519.3333333,,,,
-512855.2,507.0,,,,
-512168.0,496.33333330000005,,,,
-511447.1,488.3,,,,
-510716.6,486.0,,,,
-509975.8,487.0,,,,
-509239.8,495.0,,,,
-508491.9,519.6,,,,
-507714.9,533.3333333,,,,
-506956.8,556.6666667000001,,,,
-506165.4,582.0,,,,
-505449.5,573.2,,,,
-504741.7,601.3333332999999,,,,
-503998.6,579.3333332999999,,,,
-503205.1,524.0,,,,
-502529.8,566.4,,,,
-501854.8,549.0,,,,
-501088.2,515.3333333,,,,
-500298.8,517.3333333,,,,
-499620.9,521.9,,,,
-498826.6,511.66666669999995,,,,
-498068.3,495.66666669999995,,,,
-497326.3,499.33333330000005,,,,
-496576.6,509.1,,,,
-495823.1,506.0,,,,
-495059.5,516.3333333,,,,
-494322.0,521.6666667,,,,
-493563.1,514.3,,,,
-492788.2,495.66666669999995,,,,
-491993.3,517.0,,,,
-491212.3,500.0,,,,
-490438.3,500.5,,,,
-489656.3,534.3333333,,,,
-488880.2,584.0,,,,
-488164.7,558.3333332999999,,,,
-487433.8,587.5,,,,
-486693.1,624.0,,,,
-485982.9,615.3333332999999,,,,
-485269.5,583.3333332999999,,,,
-484505.4,582.6,,,,
-483767.4,568.6666667000001,,,,
-482970.3,543.0,,,,
-482155.8,543.6666667000001,,,,
-481326.9,516.4,,,,
-480457.6,506.66666669999995,,,,
-479602.3,504.33333330000005,,,,
-478687.1,491.66666669999995,,,,
-478134.7,503.66666669999995,,,,
-477759.6,531.1,,,,
-476752.0,496.0,,,,
-475725.3,528.0,,,,
-474821.8,517.0,,,,
-473833.5,504.1,,,,
-472781.5,474.66666669999995,,,,
-471723.5,456.0,,,,
-470675.6,440.0,,,,
-469662.4,481.8,,,,
-468522.7,482.33333330000005,,,,
-467473.2,442.66666669999995,,,,
-466429.9,429.66666669999995,,,,
-465727.4,491.33333330000005,,,,
-465120.3,490.9,,,,
-463719.2,442.0,,,,
-462299.8,447.66666669999995,,,,
-460896.8,491.33333330000005,,,,
-460139.5,463.0,,,,
-459597.1,521.4,,,,
-458767.3,424.33333330000005,,,,
-458209.5,408.6666667,,,,
-456941.2,398.0,,,,
-455474.4,408.3333333,,,,
-454060.5,412.4,,,,
-453290.1,434.0,,,,
-452735.7,467.66666669999995,,,,
-451942.0,486.0,,,,
-451474.2,426.33333330000005,,,,
-450249.3,402.6666667,,,,
-449151.4,383.7,,,,
-447962.4,381.0,,,,
-446738.2,388.6666667,,,,
-445664.2,427.33333330000005,,,,
-444981.0,506.33333330000005,,,,
-444629.2,474.33333330000005,,,,
-443811.8,452.0,,,,
-443273.1,408.6666667,,,,
-442632.3,427.33333330000005,,,,
-442235.8,491.0,,,,
-441582.9,439.0,,,,
-441117.2,438.66666669999995,,,,
-439925.5,437.50597189999996,,,,
-438720.3,400.0,,,,
-438146.1,404.5,,,,
-436480.6,391.5,,,,
-435708.1,394.7,,,,
-434512.9,384.7,,,,
-433365.4,380.6,,,,
-432151.8,380.6,,,,
-431120.1,391.5,,,,
-429964.4,389.2,,,,
-429244.3,393.6,,,,
-428848.4,384.5,,,,
-428082.5,380.1,,,,
-427838.8,382.3,,,,
-427183.3,405.7,,,,
-426828.7,472.3,,,,
-425900.8,417.9,,,,
-425435.1,411.5,,,,
-425131.8,465.32608439999996,,,,
-424663.0,458.7,,,,
-424446.7,462.6,,,,
-424076.8,456.6,,,,
-423663.2,507.7,,,,
-423278.6,502.8,,,,
-423223.8,497.5,,,,
-423016.8,584.1,,,,
-422934.3,605.2,,,,
-422766.2,618.3,,,,
-422458.2,603.5,,,,
-422265.7,598.0,,,,
-421876.3,622.2,,,,
-421401.2,648.6,,,,
-421069.0,660.15,,,,
-420596.2,689.4,,,,
-420206.6,671.8,,,,
-420031.3,688.8,,,,
-419614.5,684.0,,,,
-419406.1,702.7,,,,
-418791.5,699.3,,,,
-418496.4,678.2,,,,
-418290.7,695.1,,,,
-417925.8,673.9,,,,
-417724.6,686.6,,,,
-417415.7,665.4,,,,
-416940.4,654.8,,,,
-416671.9,660.4,,,,
-416366.3,657.6,,,,
-416154.6,635.0,,,,
-415813.2,668.2,,,,
-415618.1,646.5,,,,
-415307.4,670.7,,,,
-415131.7,633.7,,,,
-414621.1,633.3,,,,
-414309.6,629.6,,,,
-414086.8,623.1,,,,
-413835.1,619.7,,,,
-413618.1,638.8,,,,
-413131.6,638.4,,,,
-412625.5,676.6,,,,
-412082.2,695.7,,,,
-411611.1,690.3,,,,
-411117.4,656.1,,,,
-410631.8,658.9,,,,
-410111.9,711.5,,,,
-409661.0,700.1,,,,
-409221.4,694.1,,,,
-408789.2,701.2,,,,
-408357.1,713.0,,,,
-407920.1,709.7,,,,
-407524.2,699.4,,,,
-407115.4,714.3,,,,
-406740.2,710.7,,,,
-406359.5,694.6,,,,
-405958.8,681.0,,,,
-405593.9,710.1,,,,
-405222.3,736.0,,,,
-404873.4,691.1,,,,
-404503.2,672.3345379,,,,
-404119.0,707.5,,,,
-403777.6,699.9,,,,
-403418.4,659.0,,,,
-403059.0,662.9,,,,
-402715.1,661.3,,,,
-402304.2,674.0,,,,
-401951.1,664.0,,,,
-401601.6,681.2,,,,
-401229.1,653.2,,,,
-400865.6,640.2,,,,
-400504.7,642.0,,,,
-400139.8,646.2,,,,
-399758.9,633.3,,,,
-399385.8,626.9,,,,
-399028.9,628.0,,,,
-398642.1,662.4,,,,
-398253.6,606.8106312000001,,,,
-397858.3,606.5,,,,
-397465.2,580.4,,,,
-397070.3,592.9,,,,
-396644.6,608.3,,,,
-396224.7,612.3,,,,
-395811.4,600.0,,,,
-395388.6,605.0,,,,
-394964.4,590.1,,,,
-394573.6,601.8,,,,
-394107.1,594.0,,,,
-393604.2,602.7,,,,
-393178.0,585.2,,,,
-392727.0,593.5,,,,
-392245.5,549.6,,,,
-391748.8,562.0,,,,
-391243.2,484.9,,,,
-390715.6,498.4,,,,
-390195.4,489.2,,,,
-389581.7,488.4,,,,
-389024.7,505.8,,,,
-388440.2,525.2,,,,
-387821.4,567.8,,,,
-387165.4,471.5,,,,
-386472.3,452.4,,,,
-385817.6,462.7,,,,
-385227.7,531.0,,,,
-384664.6,637.3,,,,
-384079.6,594.1,,,,
-383501.6,577.0,,,,
-382907.2,552.5,,,,
-382340.6,560.9,,,,
-381763.2,536.4,,,,
-381175.0,481.6,,,,
-380596.6,587.4,,,,
-380005.4,600.6,,,,
-379472.7,547.9,,,,
-378913.3,543.7,,,,
-378306.1,547.7,,,,
-377756.6,484.5,,,,
-377168.8,494.1,,,,
-375379.7,442.0,,,,
-374756.1,444.6,,,,
-374155.9,432.9,,,,
-373500.9,425.9,,,,
-372835.3,426.2,,,,
-372141.6,445.2,,,,
-371516.5,451.1,,,,
-370943.2,540.3,,,,
-370377.5,523.4,,,,
-369812.6,501.6,,,,
-369183.9,491.1,,,,
-368546.5,508.2,,,,
-367967.4,517.9,,,,
-367373.8,444.0,,,,
-366788.3,421.8,,,,
-366124.3,421.7,,,,
-365480.6,459.5,,,,
-364899.5,403.1,,,,
-364256.1,415.8,,,,
-363627.0,460.1,,,,
-362992.1,416.2,,,,
-362318.8,448.5,,,,
-361698.8,413.3,,,,
-361092.8,486.5,,,,
-360490.8,432.7,,,,
-359892.3,465.9,,,,
-359271.6,420.2,,,,
-358562.6,415.1,,,,
-357913.0,456.2,,,,
-357252.1,417.6,,,,
-356624.3,416.7,,,,
-355907.0,431.1,,,,
-355244.0,434.6,,,,
-354553.9,420.4,,,,
-353891.9,404.2,,,,
-353255.1,402.9,,,,
-352586.1,405.8,,,,
-351893.6,395.3,,,,
-351272.2,404.8,,,,
-350695.5,397.3,,,,
-349809.2,403.3333333,,,,
-349475.7,414.2,,,,
-348505.6,402.3333333,,,,
-348219.0,391.8,,,,
-347395.9,406.6666667,,,,
-347095.8,459.0,,,,
-346222.9,421.33333330000005,,,,
-345901.9,403.1,,,,
-345253.9,417.0,,,,
-344658.0,391.3,,,,
-343728.7,389.3333333,,,,
-343401.0,373.95,,,,
-342532.9,368.0,,,,
-342161.4,374.5,,,,
-341470.9,365.8,,,,
-340886.4,370.4,,,,
-339890.3,393.6666667,,,,
-339541.4,395.4,,,,
-338576.0,439.0,,,,
-338259.7,449.3,,,,
-337446.9,459.66666669999995,,,,
-337172.1,464.5,,,,
-336657.2,444.9,,,,
-336615.1,445.0,,,,
-336150.9,452.5,,,,
-335464.1,486.0,,,,
-335237.4,485.8,,,,
-334702.2,504.0,,,,
-334493.1,496.2,,,,
-333995.9,531.0,,,,
-333798.2,537.0,,,,
-333360.4,566.0,,,,
-333212.1,569.6,,,,
-332827.8,597.0,,,,
-332687.2,580.7,,,,
-332336.0,652.0,,,,
-332193.5,631.0,,,,
-331888.7,607.3333332999999,,,,
-331768.4,603.8,,,,
-331554.2,589.8,,,,
-331333.9,599.2,,,,
-331038.3,797.0,,,,
-330925.4,798.2,,,,
-330625.7,776.3333332999999,,,,
-330506.9,738.0,,,,
-330198.6,726.0,,,,
-330090.0,721.3,,,,
-329832.1,672.7,,,,
-329475.0,649.3333332999999,,,,
-329338.4,636.4,,,,
-328950.2,637.3333332999999,,,,
-328804.8,615.3,,,,
-328430.8,637.0,,,,
-328291.5,620.9,,,,
-327919.5,663.3333332999999,,,,
-327777.3,643.0,,,,
-327375.8,657.6666667000001,,,,
-327229.1,635.7,,,,
-326792.3,669.0,,,,
-326131.6,657.4,,,,
-325750.6,662.0,,,,
-325613.4,642.0,,,,
-325219.0,654.0,,,,
-325076.6,644.3,,,,
-324673.2,634.3333332999999,,,,
-324536.6,611.0,,,,
-324147.9,634.6666667000001,,,,
-323999.7,633.2,,,,
-323604.8,644.3333332999999,,,,
-323467.1,626.1,,,,
-323046.5,617.3333332999999,,,,
-322891.2,612.2,,,,
-322459.1,589.6666667000001,,,,
-322290.5,580.2,,,,
-321862.9,568.0,,,,
-321722.0,592.5,,,,
-321278.2,556.6666667000001,,,,
-321113.8,544.4975688999999,,,,
-320626.0,532.6666667,,,,
-320455.9,518.5,,,,
-319959.7,528.3333333,,,,
-319781.1,519.3,,,,
-319264.4,528.6666667,,,,
-319073.3,520.8,,,,
-318521.6,503.33333330000005,,,,
-318318.4,497.7,,,,
-317714.9,480.0,,,,
-317510.6,477.5,,,,
-316886.6,479.0,,,,
-316669.5,480.814851,,,,
-316059.3,480.0,,,,
-315850.6,444.6,,,,
-315280.4,458.66666669999995,,,,
-315077.4,464.56281050000007,,,,
-314522.3,515.3333333,,,,
-314339.0,607.3,,,,
-313812.5,635.3333332999999,,,,
-313614.8,597.7,,,,
-313094.8,606.0,,,,
-312904.9,618.2,,,,
-312348.2,634.0,,,,
-312159.6,552.9,,,,
-311600.5,568.3333332999999,,,,
-311435.8,547.5,,,,
-310919.7,540.3333332999999,,,,
-310722.9,522.2,,,,
-310100.8,516.0,,,,
-309912.0,514.5,,,,
-309283.0,517.0,,,,
-309077.3,469.5,,,,
-308482.7,492.66666669999995,,,,
-308246.2,460.63176150000004,,,,
-307610.0,460.33333330000005,,,,
-307372.2,466.5,,,,
-306719.9,509.33333330000005,,,,
-306499.8,477.8,,,,
-305844.6,465.66666669999995,,,,
-305605.7,458.7,,,,
-304918.9,485.0,,,,
-304688.2,459.3,,,,
-304054.0,448.66666669999995,,,,
-303852.3,451.118011,,,,
-303286.5,505.33333330000005,,,,
-303096.9,498.4591306,,,,
-302521.5,489.66666669999995,,,,
-302312.0,490.5700242,,,,
-301687.1,477.0,,,,
-301482.4,466.4,,,,
-300898.3,462.33333330000005,,,,
-300667.4,456.19420319999995,,,,
-300106.4,453.0,,,,
-299873.5,453.2,,,,
-299191.8,487.33333330000005,,,,
-298970.8,459.4,,,,
-298372.3,520.0,,,,
-298171.7,517.5,,,,
-297788.1,496.282263,,,,
-297140.6,518.0,,,,
-296942.9,518.8,,,,
-296235.1,490.66666669999995,,,,
-295995.4,466.6379345,,,,
-295315.0,505.0,,,,
-295109.8,487.551686,,,,
-294516.4,524.0,,,,
-294307.6,586.6,,,,
-293715.4,564.3333332999999,,,,
-293508.3,552.0,,,,
-292844.6,500.66666669999995,,,,
-292583.8,488.6,,,,
-291916.2,520.6666667,,,,
-291676.4,482.4,,,,
-291008.9,453.66666669999995,,,,
-290817.7,444.2,,,,
-290438.2,453.25,,,,
-290079.2,448.1,,,,
-289683.2,458.8,,,,
-289278.5,454.3,,,,
-288218.4,524.0,,,,
-287901.1,546.9,,,,
-287574.7,531.4,,,,
-287240.7,529.9,,,,
-286883.2,532.3,,,,
-286531.5,510.9,,,,
-286176.4,520.9,,,,
-285877.0,513.8,,,,
-285544.6,528.8,,,,
-285208.9,520.1520464,,,,
-284887.7,506.5,,,,
-284545.1,500.0,,,,
-284185.8,495.2,,,,
-283838.9,485.8,,,,
-283481.4,469.6,,,,
-283120.3,457.4,,,,
-282782.8,476.5,,,,
-282415.6,464.6,,,,
-282036.0,508.5,,,,
-281661.0,498.6,,,,
-281303.2,471.0,,,,
-280941.0,452.7,,,,
-280560.5,425.1,,,,
-280171.2,468.4,,,,
-279782.4,456.9,,,,
-279351.7,447.9,,,,
-278942.6,461.6,,,,
-278396.2,473.0,,,,
-278197.3,454.8,,,,
-277817.5,463.0,,,,
-277362.9,419.7,,,,
-276760.3,438.4,,,,
-276506.2,428.4489403,,,,
-275845.2,465.8,,,,
-275599.3,479.5,,,,
-275151.3,451.8451914,,,,
-274723.7,467.3,,,,
-274320.1,503.8,,,,
-273874.4,478.8,,,,
-273407.5,455.2,,,,
-272933.7,475.4,,,,
-272465.7,463.4,,,,
-271998.1,467.4,,,,
-271552.5,482.8,,,,
-270832.7,451.4,,,,
-270561.9,470.2,,,,
-269882.1,445.3710351,,,,
-269656.6,453.0,,,,
-269167.4,458.4,,,,
-268697.5,440.9,,,,
-268251.9,460.0,,,,
-267592.9,439.0,,,,
-267347.8,454.2,,,,
-266897.9,423.4,,,,
-266445.5,454.2,,,,
-266005.3,418.1,,,,
-265566.5,413.8,,,,
-265117.7,425.3,,,,
-264678.9,384.1851553999999,,,,
-264279.9,416.6,,,,
-263843.2,422.4,,,,
-263418.5,411.9,,,,
-263027.7,414.5,,,,
-262645.3,398.4,,,,
-262272.6,417.2,,,,
-261892.8,413.7,,,,
-261511.9,461.9,,,,
-261190.8,508.7,,,,
-260795.1,481.5,,,,
-260386.5,480.0,,,,
-259998.0,442.5,,,,
-259608.8,423.5,,,,
-259206.9,451.8,,,,
-258849.0,455.7,,,,
-258456.2,433.5,,,,
-258066.7,451.4,,,,
-257721.1,473.4,,,,
-257328.7,430.25,,,,
-256941.1,495.8,,,,
-256562.0,509.8,,,,
-256213.2,492.7,,,,
-255671.6,450.1,,,,
-255489.7,464.9,,,,
-255128.3,483.4,,,,
-254743.4,466.0,,,,
-254349.8,474.8,,,,
-254016.2,448.1,,,,
-253597.4,422.2,,,,
-253204.0,441.7,,,,
-252836.7,405.2,,,,
-252492.4,420.2,,,,
-251959.4,427.3,,,,
-251738.3,425.85,,,,
-251351.0,398.2,,,,
-250980.1,400.5,,,,
-250592.4,396.2,,,,
-250206.6,395.2,,,,
-249781.5,400.8,,,,
-248669.7,431.8,,,,
-248311.1,408.4,,,,
-247957.4,413.4,,,,
-247595.7,410.0,,,,
-247229.4,408.2,,,,
-246900.7,465.8,,,,
-246578.0,472.8,,,,
-246088.4,539.6,,,,
-245911.0,524.8,,,,
-245612.6,524.7,,,,
-245122.5,544.8,,,,
-244934.3,507.5,,,,
-244582.3,513.1,,,,
-244242.7,485.5,,,,
-243933.7,475.3,,,,
-243644.8,494.0,,,,
-243272.4,503.0,,,,
-243129.7,501.8,,,,
-242899.7,519.0,,,,
-242659.6,523.3,,,,
-242435.2,528.2,,,,
-242204.8,528.0,,,,
-241971.9,541.2,,,,
-241755.5,546.1,,,,
-241488.3,557.7,,,,
-241396.0,537.9,,,,
-240973.1,541.8,,,,
-240882.5,525.0,,,,
-240722.7,519.2,,,,
-240647.2,515.3333333,,,,
-240559.5,520.9,,,,
-240406.2,539.2,,,,
-240328.4,523.0,,,,
-240248.2,594.3,,,,
-240096.1,680.0,,,,
-240027.0,696.0,,,,
-239957.0,673.4,,,,
-239804.4,653.4,,,,
-239739.8,667.3333332999999,,,,
-239667.3,648.2,,,,
-239427.7,661.2333332999999,,,,
-239328.5,641.3,,,,
-239153.6,622.7,,,,
-239074.9,627.0,,,,
-238987.4,610.9,,,,
-238810.5,615.7,,,,
-238720.5,616.0,,,,
-238628.8,609.2,,,,
-238440.8,599.0,,,,
-238353.1,605.6666667000001,,,,
-238262.5,600.7,,,,
-238076.7,591.8,,,,
-237984.3,597.0,,,,
-237885.0,594.15,,,,
-237711.3,562.3,,,,
-237624.3,577.3333332999999,,,,
-237540.2,566.1,,,,
-237318.2,563.8,,,,
-237203.7,578.6666667000001,,,,
-237098.5,564.5,,,,
-236998.4,559.15,,,,
-236897.7,549.0,,,,
-236803.8,587.6666667000001,,,,
-236690.5,549.2,,,,
-236464.7,549.7,,,,
-236368.4,566.0,,,,
-236158.9,553.7,,,,
-236030.6,557.1,,,,
-235924.3,565.0,,,,
-235815.2,539.0,,,,
-235482.0,547.65,,,,
-235359.0,545.1,,,,
-235158.4,543.1,,,,
-235041.7,554.0,,,,
-234911.5,529.3,,,,
-234661.0,518.4,,,,
-234439.5,511.9,,,,
-234150.6,481.15,,,,
-233969.8,508.15,,,,
-233742.2,498.8,,,,
-233477.1,478.2,,,,
-233128.3,461.9,,,,
-232987.1,519.2333333,,,,
-232731.2,452.5,,,,
-232480.5,433.4,,,,
-232199.3,425.5,,,,
-231924.4,429.9,,,,
-231642.5,456.8,,,,
-231377.1,429.2,,,,
-231102.7,419.4,,,,
-230811.3,434.2,,,,
-230483.9,440.2,,,,
-230184.7,432.8,,,,
-229894.0,429.3,,,,
-229454.9,431.4,,,,
-229259.7,428.8,,,,
-228913.6,417.3,,,,
-228571.5,456.2,,,,
-228230.9,506.33333330000005,,,,
-227927.3,474.3,,,,
-227470.8,464.3,,,,
-227310.6,472.5,,,,
-226991.5,471.4,,,,
-226642.2,489.5,,,,
-226297.2,516.8,,,,
-225938.0,490.5,,,,
-225582.2,504.3,,,,
-225235.2,502.6,,,,
-224763.2,546.8,,,,
-224587.3,547.0,,,,
-224306.1,532.0,,,,
-223956.4,555.9,,,,
-222950.3,515.7,,,,
-222737.2,496.1,,,,
-222381.5,475.8,,,,
-221918.2,504.15,,,,
-221652.1,463.95,,,,
-221316.2,489.2,,,,
-220979.1,542.5,,,,
-220629.0,519.1,,,,
-220338.2,528.2,,,,
-220034.7,503.6,,,,
-219693.6,495.4,,,,
-219373.9,500.7,,,,
-219038.0,488.2,,,,
-218728.5,490.9,,,,
-218426.1,484.0,,,,
-218114.8,476.5,,,,
-217825.3,537.6,,,,
-217542.5,507.6,,,,
-217266.4,488.8,,,,
-216997.6,469.4,,,,
-216733.0,460.5,,,,
-216475.2,495.4,,,,
-216217.9,459.6,,,,
-215816.7,452.7,,,,
-215691.6,445.3,,,,
-215456.1,451.9,,,,
-215216.4,443.1,,,,
-214989.7,454.4,,,,
-214452.4,479.8,,,,
-213964.5,456.9,,,,
-213480.9,505.66666669999995,,,,
-213015.3,568.6,,,,
-212568.5,561.3333332999999,,,,
-212102.3,590.7,,,,
-211638.1,573.6666667000001,,,,
-211179.3,573.2,,,,
-210742.0,585.6666667000001,,,,
-210311.4,583.0,,,,
-209851.5,576.7,,,,
-209400.0,593.2,,,,
-208954.1,579.3333332999999,,,,
-208528.4,558.3,,,,
-208103.3,565.3333332999999,,,,
-207662.6,547.9,,,,
-207202.5,532.3333333,,,,
-206762.9,511.0,,,,
-206403.3,515.0,,,,
-205835.9,504.4,,,,
-205390.3,512.6,,,,
-204902.1,499.2,,,,
-204401.2,487.0,,,,
-203931.5,505.5,,,,
-203425.8,490.0,,,,
-202936.1,487.7,,,,
-202401.2,462.0,,,,
-201846.6,493.0,,,,
-201301.8,435.66666669999995,,,,
-200725.6,489.4,,,,
-200213.0,466.3,,,,
-199708.6,541.3,,,,
-199343.5,538.6666667000001,,,,
-198791.2,529.7,,,,
-198398.2,539.0,,,,
-197400.0,627.3333332999999,,,,
-196953.6,667.5,,,,
-196515.0,609.3333332999999,,,,
-196085.7,598.4,,,,
-195632.0,579.4,,,,
-195165.1,588.8,,,,
-194666.2,564.3333332999999,,,,
-194154.4,548.0,,,,
-193655.3,534.0,,,,
-193112.9,530.1,,,,
-192550.4,487.66666669999995,,,,
-191965.4,472.1,,,,
-191329.1,493.33333330000005,,,,
-190741.6,502.8,,,,
-190150.3,511.9,,,,
-189652.2,495.5,,,,
-189120.2,471.0,,,,
-188309.4,470.0,,,,
-187650.5,432.33333330000005,,,,
-187072.5,423.3,,,,
-186546.5,425.0,,,,
-185981.4,461.85,,,,
-185465.6,446.0,,,,
-184962.1,436.5,,,,
-184255.8,447.2,,,,
-183592.6,458.7,,,,
-182905.3,475.66666669999995,,,,
-182257.7,513.9,,,,
-181766.4,532.0,,,,
-180964.6,529.9,,,,
-180323.2,527.6666667,,,,
-179614.1,495.9,,,,
-179069.2,496.33333330000005,,,,
-178269.5,489.9,,,,
-177626.7,451.9,,,,
-176969.1,482.5,,,,
-176470.6,479.33333330000005,,,,
-175827.6,541.6,,,,
-175301.1,550.3333332999999,,,,
-174724.0,546.8,,,,
-174079.2,499.0,,,,
-173390.7,466.1,,,,
-172788.6,471.33333330000005,,,,
-172236.1,457.3,,,,
-171683.0,427.3,,,,
-171188.6,455.9,,,,
-170480.1,433.0,,,,
-169396.5,480.0,,,,
-168816.0,484.2,,,,
-168213.4,447.5,,,,
-167602.7,442.3,,,,
-167050.5,478.0,,,,
-166542.4,444.9,,,,
-166061.3,495.9,,,,
-165539.9,495.3,,,,
-164956.6,479.33333330000005,,,,
-164359.5,449.3,,,,
-163782.6,433.0,,,,
-163198.4,423.8,,,,
-162599.2,383.5,,,,
-162023.9,392.9,,,,
-161415.0,417.0,,,,
-160896.2,410.9,,,,
-160371.1,442.0,,,,
-159839.6,413.0,,,,
-159388.7,423.66666669999995,,,,
-158660.9,410.1,,,,
-158058.2,415.3333333,,,,
-157526.4,406.9,,,,
-157047.7,440.0,,,,
-156569.6,407.2,,,,
-156047.2,410.0,,,,
-155480.7,400.2,,,,
-154832.8,421.7,,,,
-154208.0,399.2,,,,
-153614.5,406.6666667,,,,
-153071.8,384.5,,,,
-152514.6,393.3333333,,,,
-151972.2,402.6,,,,
-151388.3,401.5,,,,
-150831.3,413.0,,,,
-150410.9,425.66666669999995,,,,
-149764.5,422.0,,,,
-149233.2,432.2,,,,
-148698.0,400.1,,,,
-148176.3,404.3333333,,,,
-147685.7,441.2,,,,
-147240.1,432.66666669999995,,,,
-146632.0,427.8,,,,
-146084.1,470.66666669999995,,,,
-145559.4,423.4,,,,
-145097.6,421.0,,,,
-144482.5,409.8,,,,
-144078.8,402.3,,,,
-143448.7,390.9,,,,
-142883.7,375.3333333,,,,
-142352.1,400.875,,,,
-141848.9,401.3333333,,,,
-141259.8,385.1,,,,
-140827.4,375.3333333,,,,
-140216.7,368.1,,,,
-139667.6,359.0,,,,
-139124.6,349.1,,,,
-138567.8,342.4,,,,
-138021.2,357.7,,,,
-137455.1,432.33333330000005,,,,
-136919.0,367.6,,,,
-136501.0,405.6666667,,,,
-135868.8,394.9,,,,
-135574.5,394.6666667,,,,
-134855.5,375.0,,,,
-134422.2,408.6666667,,,,
-133852.9,381.5,,,,
-133351.9,403.6,,,,
-132850.1,415.1,,,,
-132438.7,436.33333330000005,,,,
-132034.3,427.5,,,,
-131653.1,506.33333330000005,,,,
-131289.4,448.8,,,,
-130925.9,460.33333330000005,,,,
-130596.2,461.7,,,,
-130257.7,461.33333330000005,,,,
-129955.9,455.8,,,,
-129674.2,479.2,,,,
-129401.1,494.1,,,,
-129162.8,493.0,,,,
-128924.5,487.1,,,,
-128689.7,518.0,,,,
-128459.0,521.2,,,,
-128283.1,499.33333330000005,,,,
-128060.6,512.1,,,,
-127856.2,515.0,,,,
-127678.5,531.0,,,,
-127494.5,550.7,,,,
-127323.8,551.5,,,,
-127147.1,536.6666667,,,,
-126971.4,534.5,,,,
-126800.1,644.0,,,,
-126635.0,725.5,,,,
-126472.9,722.3333332999999,,,,
-126320.0,703.6,,,,
-126158.4,715.0,,,,
-125982.5,706.0,,,,
-125823.5,692.1,,,,
-125687.1,678.8,,,,
-125646.4,681.1,,,,
-125471.1,677.0,,,,
-125277.8,670.3,,,,
-125080.2,646.0,,,,
-124905.6,650.4,,,,
-124728.9,651.3333332999999,,,,
-124536.5,639.7,,,,
-124321.5,659.6666667000001,,,,
-124108.7,650.2,,,,
-123914.7,657.875,,,,
-123683.9,655.7,,,,
-123486.0,646.6666667000001,,,,
-123274.9,642.2,,,,
-123070.9,641.6666667000001,,,,
-122872.3,626.6,,,,
-122703.6,632.0,,,,
-122439.9,621.8,,,,
-122243.1,621.3333332999999,,,,
-122048.4,613.5,,,,
-121850.2,611.1,,,,
-121639.2,616.3,,,,
-121438.0,615.0,,,,
-121231.5,608.3,,,,
-121052.6,606.8333332999999,,,,
-120817.0,606.5,,,,
-120605.4,599.0,,,,
-120406.5,608.4,,,,
-120210.6,607.3333332999999,,,,
-119997.3,608.7,,,,
-119791.9,603.2,,,,
-119586.2,609.8,,,,
-119384.1,613.0,,,,
-119173.1,600.8,,,,
-118964.7,598.0,,,,
-118763.4,613.3,,,,
-118546.9,590.6666667000001,,,,
-118323.1,567.8,,,,
-118119.7,575.6666667000001,,,,
-117891.7,566.4,,,,
-117679.3,571.2,,,,
-117462.1,566.5,,,,
-117290.1,590.6666667000001,,,,
-117013.0,578.5,,,,
-116793.5,577.6666667000001,,,,
-116559.0,565.4,,,,
-116319.2,578.6666667000001,,,,
-116085.6,544.7,,,,
-115865.7,548.0,,,,
-115390.1,546.2,,,,
-115145.0,533.3,,,,
-114892.3,543.6666667000001,,,,
-114649.2,528.0,,,,
-114388.1,504.33333330000005,,,,
-114122.5,495.1,,,,
-113862.5,501.0,,,,
-113586.3,496.0,,,,
-113315.4,501.33333330000005,,,,
-113052.4,472.2,,,,
-112778.8,473.6,,,,
-112506.2,473.1,,,,
-111937.4,470.7,,,,
-111646.1,470.66666669999995,,,,
-111383.5,451.0,,,,
-111002.8,466.66666669999995,,,,
-110683.4,463.55,,,,
-110360.7,455.0,,,,
-110035.1,455.5,,,,
-109699.4,474.3,,,,
-109359.2,472.7,,,,
-109032.2,496.33333330000005,,,,
-108719.7,491.7,,,,
-108380.0,504.66666669999995,,,,
-108043.2,502.4,,,,
-107698.7,508.66666669999995,,,,
-107360.7,495.1,,,,
-107011.5,507.66666669999995,,,,
-106626.5,485.6,,,,
-106234.6,474.7,,,,
-105868.1,464.0,,,,
-105530.1,460.0,,,,
-105207.2,444.8,,,,
-104898.8,483.0,,,,
-104597.7,590.5,,,,
-104325.6,595.3333332999999,,,,
-104041.7,601.4,,,,
-103749.0,617.6666667000001,,,,
-103414.2,572.0,,,,
-103084.3,595.8,,,,
-102773.9,602.0,,,,
-102469.8,581.3333332999999,,,,
-102154.2,573.3,,,,
-101837.3,559.0,,,,
-101508.4,515.4,,,,
-101206.6,498.33333330000005,,,,
-100892.9,469.5,,,,
-100592.3,472.33333330000005,,,,
-100294.7,508.9,,,,
-100072.4,490.8,,,,
-99740.6,510.9,,,,
-99481.1,542.3333332999999,,,,
-99219.1,538.0,,,,
-98948.9,547.0,,,,
-98669.2,537.4,,,,
-98378.7,547.0,,,,
-98074.2,529.5,,,,
-97805.3,530.3333333,,,,
-97542.0,525.1,,,,
-97272.5,525.8,,,,
-96992.1,526.2,,,,
-96715.5,523.6666667,,,,
-96443.0,512.0,,,,
-96194.7,511.33333330000005,,,,
-95934.3,506.0,,,,
-95672.2,504.66666669999995,,,,
-95396.1,487.4,,,,
-95134.7,491.0,,,,
-94876.2,501.1,,,,
-94607.1,495.0,,,,
-94348.1,478.9,,,,
-94070.9,485.66666669999995,,,,
-93808.8,464.2,,,,
-93537.9,453.0,,,,
-93285.8,434.9,,,,
-93013.0,442.0,,,,
-92751.3,452.6,,,,
-92506.5,436.33333330000005,,,,
-92247.9,453.9,,,,
-91990.8,434.0,,,,
-91732.8,442.1,,,,
-91481.3,435.66666669999995,,,,
-90941.5,439.0,,,,
-90662.2,441.9,,,,
-90396.0,437.33333330000005,,,,
-90113.1,436.9,,,,
-89846.5,447.33333330000005,,,,
-89601.9,447.5,,,,
-89288.0,432.3,,,,
-89012.0,436.6,,,,
-88743.5,460.66666669999995,,,,
-88449.7,447.3,,,,
-88164.1,445.0,,,,
-87631.0,463.33333330000005,,,,
-87372.2,475.8,,,,
-87111.4,493.66666669999995,,,,
-86828.2,494.3,,,,
-86558.8,500.86666669999994,,,,
-86250.5,507.8,,,,
-85950.7,502.33333330000005,,,,
-85664.2,506.5,,,,
-85389.5,479.66666669999995,,,,
-85054.4,445.6,,,,
-84776.4,448.0,,,,
-84521.6,428.5,,,,
-84258.4,468.0,,,,
-83996.1,425.2,,,,
-83816.3,429.2,,,,
-83491.4,454.1,,,,
-83254.9,452.33333330000005,,,,
-82999.4,442.8,,,,
-82751.1,450.33333330000005,,,,
-82511.1,444.7,,,,
-82275.1,464.0,,,,
-82022.3,465.0,,,,
-81788.8,485.33333330000005,,,,
-81561.0,514.6,,,,
-81326.5,559.7,,,,
-81116.6,631.3,,,,
-80916.0,629.3333332999999,,,,
-80689.5,622.3,,,,
-80468.1,616.3333332999999,,,,
-80262.1,616.7,,,,
-80033.4,605.5,,,,
-79791.1,571.0,,,,
-79573.5,595.3333332999999,,,,
-79334.0,576.1,,,,
-79126.3,584.0,,,,
-78851.9,547.6,,,,
-78619.7,549.3333332999999,,,,
-78371.9,549.8,,,,
-78153.6,535.3333333,,,,
-77923.9,563.0,,,,
-77675.6,536.0,,,,
-77447.7,514.9,,,,
-77196.6,515.0,,,,
-76960.5,512.3,,,,
-76695.5,496.975,,,,
-76415.5,487.4,,,,
-76200.2,477.0,,,,
-75935.2,463.3,,,,
-75644.3,450.33333330000005,,,,
-75367.0,475.1,,,,
-75106.3,472.0,,,,
-74846.2,441.6,,,,
-74579.2,441.66666669999995,,,,
-74291.0,465.8,,,,
-74022.1,422.2,,,,
-73762.1,437.5,,,,
-73474.6,424.33333330000005,,,,
-73188.8,414.8,,,,
-72934.7,415.6666667,,,,
-72681.3,460.7,,,,
-72441.0,476.66666669999995,,,,
-72206.9,467.1,,,,
-71966.1,469.0,,,,
-71735.1,460.7,,,,
-71482.9,451.1,,,,
-71175.3,452.3,,,,
-70904.1,447.66666669999995,,,,
-70579.0,452.8,,,,
-70258.7,457.33333330000005,,,,
-69941.0,432.1,,,,
-69660.9,432.0,,,,
-69403.2,430.9,,,,
-69148.4,448.66666669999995,,,,
-68915.6,481.5,,,,
-68683.3,475.4,,,,
-68494.6,469.8,,,,
-68221.2,472.66666669999995,,,,
-67982.7,489.8,,,,
-67636.3,450.33333330000005,,,,
-67410.3,462.1,,,,
-67026.0,460.0,,,,
-66734.3,473.7,,,,
-66329.4,456.0,,,,
-66086.0,450.7,,,,
-65782.4,479.6,,,,
-65482.3,470.5,,,,
-65126.2,452.66666669999995,,,,
-64867.7,459.3,,,,
-64538.7,449.33333330000005,,,,
-64305.1,460.7,,,,
-63976.1,444.0,,,,
-63665.2,475.6,,,,
-63308.9,456.66666669999995,,,,
-63034.0,461.1,,,,
-62703.9,461.9,,,,
-62400.0,439.7,,,,
-62067.2,434.0,,,,
-61817.0,488.8,,,,
-61482.2,484.0,,,,
-61253.0,467.5,,,,
-60868.7,444.0,,,,
-60605.5,443.7,,,,
-60251.8,430.0,,,,
-60007.1,438.7,,,,
-59696.9,430.8,,,,
-59100.8,431.66666669999995,,,,
-58898.2,436.61,,,,
-58862.0,412.0,,,,
-58597.8,425.33333330000005,,,,
-58390.5,430.1,,,,
-58098.6,426.33333330000005,,,,
-57914.9,442.7,,,,
-57640.3,425.0,,,,
-57416.0,434.9,,,,
-57103.6,441.8,,,,
-56930.0,454.2,,,,
-56660.1,523.0,,,,
-56441.3,502.1,,,,
-56207.7,554.0,,,,
-56042.7,561.1,,,,
-55771.2,519.6666667,,,,
-55585.6,514.8,,,,
-55306.4,541.6666667000001,,,,
-54893.1,553.9,,,,
-54840.0,542.9,,,,
-54642.3,550.1,,,,
-54366.2,546.0,,,,
-53856.6,483.0,,,,
-53845.6,534.2,,,,
-53642.4,466.0,,,,
-53338.1,460.66666669999995,,,,
-53135.1,514.37,,,,
-52880.6,475.66666669999995,,,,
-52452.7,461.6,,,,
-52150.3,437.04,,,,
-51922.0,438.0,,,,
-51738.5,438.15,,,,
-51481.6,513.0,,,,
-51248.7,535.1,,,,
-51039.4,530.0,,,,
-50864.0,529.3,,,,
-50582.2,542.6666667000001,,,,
-50398.5,566.5,,,,
-50169.7,526.6,,,,
-49933.2,530.9,,,,
-49670.8,517.0,,,,
-49476.5,544.03,,,,
-49193.8,515.0,,,,
-48970.8,510.15,,,,
-48672.4,493.0,,,,
-48490.5,489.02,,,,
-48241.6,469.66666669999995,,,,
-47940.0,491.65,,,,
-47765.5,451.8,,,,
-47538.2,433.5,,,,
-47307.4,464.0,,,,
-46988.5,461.23,,,,
-46727.5,435.0,,,,
-46223.0,414.0,,,,
-46002.4,452.8,,,,
-45718.3,436.66666669999995,,,,
-45521.1,424.5,,,,
-45270.9,441.4,,,,
-45237.7,432.1,,,,
-45038.2,440.27,,,,
-44794.9,493.0,,,,
-44598.5,499.35,,,,
-44389.4,514.0,,,,
-44263.5,497.47,,,,
-43927.2,499.33333330000005,,,,
-43748.1,487.05,,,,
-43464.1,466.66666669999995,,,,
-43284.0,489.81,,,,
-43038.9,461.66666669999995,,,,
-42724.6,468.67,,,,
-42452.6,427.33333330000005,,,,
-42212.2,430.6,,,,
-41912.9,411.3333333,,,,
-41639.7,415.43,,,,
-41486.5,437.4,,,,
-41395.2,463.0,,,,
-41168.7,481.5,,,,
-41086.0,486.3,,,,
-40934.0,470.0,,,,
-40889.4,471.4,,,,
-40728.9,446.4,,,,
-40546.1,455.9,,,,
-40346.2,415.111879,,,,
-40212.8,416.1,,,,
-40101.3,429.04614360000005,,,,
-39976.8,413.8794188,,,,
-39736.8,458.1,,,,
-39510.9,467.2,,,,
-39419.9,464.66666669999995,,,,
-39401.0,465.1,,,,
-39315.1,461.9,,,,
-39307.1,465.3,,,,
-39273.0,457.4,,,,
-39215.6,441.68,,,,
-39159.5,433.4,,,,
-39118.5,433.9,,,,
-39107.6,419.7,,,,
-39000.9,433.3,,,,
-38909.7,422.38333330000006,,,,
-38897.8,446.9,,,,
-38853.9,426.2,,,,
-38698.6,418.5,,,,
-38685.6,413.0,,,,
-38475.0,420.1,,,,
-38420.8,429.0,,,,
-38343.5,449.9,,,,
-38268.5,440.40285980000004,,,,
-38260.5,447.5,,,,
-38212.1,442.4,,,,
-38101.8,413.5,,,,
-38080.8,422.3,,,,
-38046.9,423.8,,,,
-37857.8,410.9,,,,
-37840.6,418.7,,,,
-37804.0,418.7,,,,
-37640.9,427.0,,,,
-37422.8,443.7,,,,
-37225.6,450.1,,,,
-37069.7,441.3,,,,
-36847.4,455.1,,,,
-36471.1,440.15,,,,
-36287.2,443.0,,,,
-36095.1,526.275,,,,
-35943.3,481.0,,,,
-35898.6,539.5,,,,
-35801.2,539.0,,,,
-35725.2,546.675,,,,
-35609.0,543.9,,,,
-35574.1,556.7,,,,
-35564.5,560.4,,,,
-35456.1,580.4,,,,
-35416.6,563.275,,,,
-35348.3,571.9,,,,
-35249.9,548.2,,,,
-35237.6,536.3,,,,
-35176.9,586.7,,,,
-35038.2,534.375,,,,
-34986.9,533.6,,,,
-34662.6,523.8,,,,
-34572.2,494.45,,,,
-34423.6,468.5,,,,
-34358.1,470.8,,,,
-34154.4,441.3,,,,
-34049.7,440.3,,,,
-33942.9,440.75,,,,
-33890.7,425.2,,,,
-33814.1,425.6,,,,
-33699.7,444.0,,,,
-33539.4,420.6,,,,
-33380.3,426.9,,,,
-33288.1,491.85,,,,
-33231.1,497.7,,,,
-33110.5,514.3,,,,
-32995.5,512.5,,,,
-32954.4,519.85,,,,
-32950.6,519.2,,,,
-32718.2,489.0,,,,
-32627.5,457.0,,,,
-32580.7,447.05,,,,
-32387.2,428.0,,,,
-32234.8,430.0,,,,
-32129.2,430.075,,,,
-32095.8,420.4,,,,
-31906.6,419.0,,,,
-31859.5,415.4,,,,
-31784.6,425.9,,,,
-31737.9,478.7,,,,
-31530.2,460.9,,,,
-31298.4,444.3,,,,
-31251.8,443.3,,,,
-31198.4,439.6,,,,
-31110.0,427.65,,,,
-31076.2,423.5,,,,
-30953.8,432.0,,,,
-30863.6,414.5,,,,
-30817.7,404.0,,,,
-30694.6,404.6,,,,
-30637.6,410.4,,,,
-30464.5,409.15,,,,
-30419.9,451.9,,,,
-30303.6,430.625,,,,
-30213.0,470.8,,,,
-30119.4,457.4,,,,
-29945.2,440.9,,,,
-29842.9,421.625,,,,
-29805.9,426.5,,,,
-29453.9,412.0,,,,
-29247.6,404.425,,,,
-29024.4,391.7,,,,
-28810.6,408.475,,,,
-28668.2,409.7,,,,
-28197.8,392.375,,,,
-28029.6,399.3,,,,
-27751.0,391.0,,,,
-27368.7,367.7,,,,
-27140.9,388.3,,,,
-26813.5,443.875,,,,
-26552.0,414.0,,,,
-26335.5,402.375,,,,
-26185.6,399.0,,,,
-25945.7,381.925,,,,
-25729.9,426.3,,,,
-25553.5,406.3,,,,
-25385.9,395.85,,,,
-25123.9,386.2,,,,
-24968.0,387.0,,,,
-24681.1,396.3,,,,
-24039.6,364.125,,,,
-23874.4,355.0,,,,
-23649.1,365.0,,,,
-23379.2,369.7,,,,
-22977.4,372.475,,,,
-22771.1,388.7,,,,
-22565.5,372.7,,,,
-22349.0,360.0,,,,
-22134.1,375.1,,,,
-21938.1,398.0,,,,
-21797.4,386.475,,,,
-21522.2,389.7,,,,
-21328.7,389.75,,,,
-21179.6,390.0,,,,
-20945.0,384.65,,,,
-20767.9,407.3,,,,
-20035.6,355.3,,,,
-19836.3,357.3,,,,
-19519.5,357.0,,,,
-19267.6,353.7,,,,
-19004.1,364.8082455,,,,
-18757.8,378.3,,,,
-18518.6,366.7327831,,,,
-18515.5,383.75,,,,
-18174.3,375.3,,,,
-18013.4,373.7419869,,,,
-17742.9,351.3,,,,
-17730.0,356.3,,,,
-17529.0,377.0,,,,
-17500.7,358.0826297,,,,
-17366.5,365.7,,,,
-16940.4,378.7,,,,
-16923.3,372.74184560000003,,,,
-16568.7,371.0,,,,
-16558.0,378.336,,,,
-16540.1,370.9,,,,
-16306.2,375.3,,,,
-15973.3,371.3,,,,
-15958.7,377.2381364,,,,
-15838.8,366.3,,,,
-15592.7,383.7,,,,
-15580.8,366.152,,,,
-15555.7,375.4,,,,
-15366.4,371.3,,,,
-15124.6,388.8398486,,,,
-15095.8,395.4,,,,
-14882.5,381.3,,,,
-14876.1,408.3,,,,
-14667.1,404.1524256,,,,
-14654.3,409.2,,,,
-14480.0,404.7,,,,
-14292.5,427.3,,,,
-14263.3,423.7,,,,
-14110.3,418.7,,,,
-13920.0,473.3,,,,
-13915.1,438.4386673,,,,
-13894.1,441.2,,,,
-13605.0,456.0,,,,
-13595.2,441.3803499,,,,
-13442.8,451.7,,,,
-13266.7,451.0,,,,
-13252.6,463.0097119,,,,
-13016.2,475.7,,,,
-12919.7,469.8641496999999,,,,
-12760.9,459.3,,,,
-12604.6,468.6689331,,,,
-12596.8,469.61666669999994,,,,
-12584.5,461.0,,,,
-12361.7,476.0199447,,,,
-12339.1,464.7,,,,
-12059.8,568.8756288,,,,
-12001.0,596.8829013999999,,,,
-11991.8,578.3,,,,
-11821.4,611.7,,,,
-11696.0,630.0,,,,
-11687.3,623.2599844,,,,
-11674.6,618.6,,,,
-11547.3,613.0,,,,
-11477.9,618.7,,,,
-11468.2,624.8581951,,,,
-11406.1,628.4335,,,,
-11305.2,645.7,,,,
-11128.6,653.3,,,,
-11119.8,670.4033836,,,,
-10959.7,661.7,,,,
-10933.8,661.4955,,,,
-10797.3,646.0,,,,
-10785.5,610.4635896000001,,,,
-10654.9,643.3,,,,
-10534.8,627.0,,,,
-10526.8,650.993563,,,,
-10387.5,542.0,,,,
-10143.5,478.5904994,,,,
-10088.8,466.7,,,,
-10083.0,480.25670369999995,,,,
-9971.2,462.3,,,,
-9858.3,482.7,,,,
-9848.3,462.01601519999997,,,,
-9766.6,477.3,,,,
-9674.6,467.7,,,,
-9660.3,488.43171900000004,,,,
-9459.9,469.0,,,,
-9382.6,559.0,,,,
-9374.9,643.4884397999999,,,,
-9266.2,664.7,,,,
-9180.1,654.3,,,,
-9173.6,652.519,,,,
-9127.8,633.3,,,,
-9116.4,650.4022932,,,,
-8974.5,703.0,,,,
-8921.6,679.2116836,,,,
-8867.5,673.3,,,,
-8861.6,693.5484962999999,,,,
-8757.1,680.7,,,,
-8708.7,684.5189353999999,,,,
-8661.9,666.0,,,,
-8654.3,671.3971892999999,,,,
-8567.5,652.0,,,,
-8528.2,668.6787833999999,,,,
-8459.0,661.3,,,,
-8443.6,672.163994,,,,
-8323.5,688.0,,,,
-8302.5,682.4566083999999,,,,
-8253.7,678.0,,,,
-8241.6,694.2864599,,,,
-8147.7,698.0,,,,
-8086.2,717.0515,,,,
-8011.5,678.0,,,,
-7932.1,685.0,,,,
-7885.0,674.6233881,,,,
-7850.9,682.3,,,,
-7844.2,669.5888899,,,,
-7768.8,673.840889,,,,
-7749.5,676.3,,,,
-7689.8,693.0557213999999,,,,
-7641.6,683.3,,,,
-7636.6,688.95,,,,
-7583.0,685.4014167,,,,
-7559.5,682.3,,,,
-7509.5,675.3505458,,,,
-7441.2,676.3347122,,,,
-7361.8,673.7,,,,
-7355.0,670.9140778,,,,
-7331.4,675.0227137999999,,,,
-7257.3,663.3,,,,
-7198.8,666.430382,,,,
-7185.4,665.0,,,,
-7183.6,664.0419989,,,,
-7134.8,664.7,,,,
-7130.8,671.35,,,,
-7070.1,663.5094977000001,,,,
-7010.9,670.7,,,,
-6955.7,647.6441176,,,,
-6891.6,657.3,,,,
-6881.5,673.7165,,,,
-6821.2,657.5,,,,
-6813.9,676.1815996,,,,
-6758.1,675.4418396000001,,,,
-6697.6,659.0,,,,
-6693.9,670.74,,,,
-6599.3,657.3,,,,
-6572.8,661.5987687999999,,,,
-6502.0,653.7,,,,
-6485.4,654.1022347999999,,,,
-6427.8,659.7,,,,
-6420.7,648.0380811000001,,,,
-6381.0,664.5976184,,,,
-6323.2,649.3,,,,
-6319.4,647.1709999999999,,,,
-6251.6,659.5559579,,,,
-6221.2,640.7,,,,
-6205.2,641.85,,,,
-6158.4,640.3333332999999,,,,
-6139.3,651.0,,,,
-6117.7,623.9108336,,,,
-6115.7,632.6666667000001,,,,
-6103.0,626.4409586,,,,
-6088.6,605.7,,,,
-6062.1,632.3333332999999,,,,
-6035.4,659.97201,,,,
-6006.6,624.3,,,,
-5962.8,613.0637807999999,,,,
-5941.8,589.0,,,,
-5924.0,612.3333332999999,,,,
-5921.0,600.0956824,,,,
-5906.6,597.7,,,,
-5891.3,620.0,,,,
-5873.3,613.6666667000001,,,,
-5828.2,612.4652947000001,,,,
-5818.8,610.7,,,,
-5811.5,619.5308021000001,,,,
-5772.8,617.9202967,,,,
-5754.0,623.3333332999999,,,,
-5738.2,619.5719928,,,,
-5719.5,623.0,,,,
-5709.9,619.0693297,,,,
-5666.3,619.9539491,,,,
-5622.6,622.7,,,,
-5593.5,616.5103982,,,,
-5573.2,617.0,,,,
-5547.5,609.7,,,,
-5546.4,625.2244872,,,,
-5479.5,617.44583,,,,
-5458.4,602.4435269999999,,,,
-5455.4,611.7,,,,
-5360.4,623.1917463999999,,,,
-5338.7,601.7,,,,
-5303.2,618.226687,,,,
-5259.4,618.3,,,,
-5177.4,622.5149715,,,,
-5155.9,607.3,,,,
-5154.9,612.446,,,,
-5069.7,609.7,,,,
-5065.6,631.0443895,,,,
-5010.5,613.5436639,,,,
-4973.5,607.0,,,,
-4951.2,632.5764859,,,,
-4866.6,605.3,,,,
-4787.9,607.9864841,,,,
-4758.7,603.3,,,,
-4757.6,635.9298692000001,,,,
-4740.9,603.6,,,,
-4686.7,606.5437038,,,,
-4659.7,595.3,,,,
-4656.8,601.4185,,,,
-4648.4,599.0,,,,
-4591.8,601.6308640999999,,,,
-4552.8,601.5953347,,,,
-4502.9,616.8977808999999,,,,
-4453.6,587.7,,,,
-4434.7,587.1366406000001,,,,
-4400.2,581.0495945,,,,
-4396.3,580.0,,,,
-4391.2,577.119004,,,,
-4354.3,591.9237092999999,,,,
-4313.5,583.1917793,,,,
-4306.5,577.0,,,,
-4301.6,590.127,,,,
-4165.6,589.8184557,,,,
-4108.0,596.6476978,,,,
-4083.0,581.0,,,,
-4079.0,597.1554737,,,,
-4072.0,591.7,,,,
-4043.2,602.4646452000001,,,,
-4039.0,564.0,,,,
-3964.7,584.4424811000001,,,,
-3920.2,569.9914556,,,,
-3884.0,575.0,,,,
-3762.0,586.1507088999999,,,,
-3734.4,584.3,,,,
-3706.9,581.4602016,,,,
-3703.2,569.7,,,,
-3700.5,577.6611797,,,,
-3693.2,571.3,,,,
-3647.9,591.1240422000001,,,,
-3606.5,568.3,,,,
-3599.6,563.4806102000001,,,,
-3575.9,580.6022905,,,,
-3523.7,579.5658932,,,,
-3508.2,566.0,,,,
-3468.1,570.1361674999999,,,,
-3413.6,565.0,,,,
-3387.1,576.801097,,,,
-3322.2,564.2,,,,
-3319.5,560.745267,,,,
-3271.3,573.7062461,,,,
-3206.2,558.3,,,,
-3199.1,552.665624,,,,
-3161.5,550.596,,,,
-3117.6,563.0,,,,
-3051.6,561.0,,,,
-2918.3,567.7,,,,
-2914.4,572.6807521000001,,,,
-2899.0,569.9,,,,
-2873.0,578.5428881,,,,
-2805.3,563.3,,,,
-2789.9,569.9019999999999,,,,
-2751.3,559.6650635,,,,
-2732.8,563.0,,,,
-2674.5,559.659818,,,,
-2639.3,579.7013541,,,,
-2600.8,559.5086695,,,,
-2546.0,580.0672454,,,,
-2523.5,561.7,,,,
-2520.6,582.4490752,,,,
-2510.6,568.1,,,,
-2489.5,569.8833133999999,,,,
-2415.9,569.7,,,,
-2406.8,583.993827,,,,
-2375.4,579.021,,,,
-2359.1,567.7,,,,
-2355.3,577.3,,,,
-2223.3,581.8659941000001,,,,
-2191.5,570.3,,,,
-2131.7,563.0,,,,
-2128.8,575.7,,,,
-2044.1,567.7,,,,
-2036.2,548.9266811000001,,,,
-2014.5,575.1261252,,,,
-1954.7,578.3925521000001,,,,
-1941.9,573.5,,,,
-1823.2,575.8749785,,,,
-1746.5,580.7,,,,
-1740.3,578.0,,,,
-1663.6,577.7,,,,
-1652.3,595.6684431,,,,
-1622.1,574.5989507999999,,,,
-1566.9,559.5379345,,,,
-1556.2,569.8,,,,
-1483.1,572.7,,,,
-1409.7,589.1519454,,,,
-1357.6,581.3,,,,
-1260.1,567.7,,,,
-1189.2,589.4574438999999,,,,
-1156.8,576.0,,,,
-1076.2,572.7,,,,
-1048.1,581.1818009,,,,
-927.3,577.0,,,,
-907.1,577.0200136,,,,
-850.1,578.3,,,,
-843.3,579.6288433,,,,
-784.8,582.517837,,,,
-773.6,587.9,,,,
-769.5,580.0,,,,
-766.5,590.3055,,,,
-674.1,586.3685968,,,,
-651.8,591.7,,,,
-568.8,590.0,,,,
-564.8,603.0,,,,
-531.8,578.8931934,,,,
-473.6,591.7,,,,
-463.6,604.4481797999999,,,,
-438.7,592.8089959,,,,
-375.0,597.0,,,,
-371.0,594.1057316,,,,
-359.2,594.7,,,,
-324.6,597.3161697,,,,
-257.8,601.7,,,,
-168.9,608.7,,,,
-164.9,594.286,,,,
-154.1,590.6,,,,
-94.8,603.7,,,,
-44.6,599.2280749,,,,
-1.3,605.4002909,,,,
43.0,613.3,,,,
157.1,613.0,,,,
175.6,617.6147798,,,,
223.6,623.0776819,,,,
232.8,614.5,,,,
272.7,623.4050771000001,,,,
321.4,623.3,,,,
330.4,610.2707956,,,,
399.0,630.437945,,,,
423.1,631.7,,,,
507.4,638.2916239,,,,
519.2,631.3,,,,
600.6,650.2330672999999,,,,
612.2,634.9288889,,,,
701.6,634.8718623999999,,,,
724.8,628.7,,,,
732.9,642.6591808999999,,,,
818.4,643.7,,,,
858.1,633.223011,,,,
912.8,634.7,,,,
1003.9,636.2143932999999,,,,
1008.0,,666.0,,,
1010.6,640.2,,,,
1048.0,,677.8,,,
1053.1,647.9198051,,,,
1080.7,647.0,,,,
1088.7,663.9678815000001,,,,
1098.0,,676.4,,,
1148.0,,685.9,,,
1198.0,,683.7,,,
1207.7,643.3,,,,
1214.1,679.5,,,,
1248.0,,660.9,,,
1272.2,668.9100187999999,,,,
1282.2,666.7,,,,
1329.0,,672.9,,,
1389.0,,677.6,,,
1396.5,680.3889999999999,,,,
1411.4,667.8,,,,
1416.6,669.6681366,,,,
1448.0,,681.5,,,
1467.0,,671.4,,,
1471.9,644.3,,,,
1491.1,670.1453219,,,,
1501.0,,693.0,,,
1529.0,,698.9,,,
1547.0,680.8545,,,,
1549.0,,704.3,,,
1568.2,684.3,,,,
1572.0,,684.8,,,
1591.0,,665.4,,,
1605.5,651.4369118,,,,
1606.0,,667.7,,,
1622.0,,679.4,,,
1649.0,,674.6,,,
1652.8,675.885861,,,,
1681.0,,692.0,,,
1691.9,679.3078377,,,,
1694.0,,676.1,,,
1722.0,,671.9,,,
1742.7,682.7,,,,
1747.9,695.6475972,,,,
1749.0,,692.9,,,
1751.0,,696.9,,,
1762.0,,703.1,,,
1765.7,726.8,,,,
1779.0,,714.4,,,
1796.0,,716.9,,,
1798.0,,728.5,,,
1798.8,710.4896326,,,,
1820.4,761.7,,,,
1824.3,784.47,,,,
1827.0,,755.8,,,
1834.0,,756.3,,,
1842.0,,766.9,,,
1847.0,,763.7,,,
1852.0,,785.5,,,
1856.0,,775.9,,,
1863.0,,789.9,,,
1871.0,,811.9,,,
1879.0,,822.3,,,
1884.0,,828.5,,,
1888.0,,833.6,,,
1893.0,,836.8,,,
1894.0,,852.3,,,
1900.0,,862.4,,,
1901.0,,868.4,,,
1907.0,,888.0333332999999,,,
1914.0,,921.6,,,
1917.0,,929.9,,,
1926.0,,990.05,,,
1928.0,,997.0,,,
1931.0,,1006.4,,,
1934.0,,1023.2,,,
1936.0,,1045.2,,,
1936.6,907.0,,,,
1938.0,,1053.0,,,
1940.0,,1059.9,,,
1941.0,,1058.95,,,
1942.0,,1069.1,,,
1944.0,,1082.5,,,
1946.0,,1081.8,,,
1950.0,,1103.3,,,
1955.0,,1142.933333,,,
1956.0,,1173.3,,,
1957.0,,1182.95,,,
1961.0,,1218.5,,,
1964.0,,1260.3,,,
1965.0,,1261.3,,,
1967.0,,1284.033333,,,
1970.0,,1351.7,,,
1971.0,,1357.2,,,
1972.0,,1380.1,,,
1973.0,,1385.8,,,
1974.0,,1421.5,,,
1975.0,,1420.4,,,
1977.0,,1458.1,,,
1980.0,,1479.5,,,
1984.0,,,1602.476667,,
1985.0,,,1607.689167,,
1986.0,,,1619.596667,,
1987.0,,,1632.284167,1693.9622219999999,
1988.0,,,1641.383333,1703.7591670000002,
1989.0,,,1655.7775,1718.724167,
1990.0,,,1664.451667,1730.2608329999998,
1991.0,,,1672.345833,1741.6958329999998,
1992.0,,,1686.7325,1745.885,
1993.0,,,1688.1208329999997,,1786.67
1993.0,,,,1753.3275,
1994.0,,,1692.6,1759.1441670000002,1797.76
1995.0,,,1700.4033329999997,1763.444167,1798.46
1996.0,,,1702.6166670000002,1762.7216670000003,1804.52
1997.0,,,1708.885,1772.4433329999997,1807.1
1998.0,,,1716.1116670000001,1780.2933329999998,1817.57
1999.0,,,1726.7933329999998,1787.4058329999998,1820.06
2000.0,,,1729.185,1784.8158329999999,1817.25
2001.0,,,1727.444167,1784.7275,1823.45
2002.0,,,1728.6291670000003,1785.32,
2003.0,,,1729.835,1791.8833329999998,
2004.0,,,1729.2708329999998,1790.0766670000003,
2005.0,,,1727.4325,1789.2775,
2006.0,,,1727.348333,1787.5175,
2007.0,,,1733.1641670000001,1796.055,
2008.0,,,1740.6075,1800.4866670000001,
2009.0,,,1744.43,1810.9975,
2010.0,,,1751.454167,1816.6366670000002,
2011.0,,,1758.22,1817.694167,
2012.0,,,1761.4516670000003,1825.8741670000002,
2013.0,,,1766.2491670000002,1832.3825,
2014.0,,,,1842.493333,
