,CFC-12,Halon-1211,HCFC-22,HCFC-141b,Methylchloroform,HFC-23,HFC-125,HFC-134a,HFC-152a,Nitrogentrifluoride,PFC-14,PFC-116,Sulfurhexafluoride
1978.04,264.3,,,,,,,,,,,,
1978.12,263.1,,,,,,,,,,,,
1978.21,261.6,,,,,,,,,,,,
1978.29,,,,,,3.13,,,,,,,
1978.38,,,,,,3.06809,,,,,,,
1978.46,273.6,,,,,3.04221,,,,,,,
1978.54,268.552,,,,71.805,2.95,,,,,,,
1978.62,269.862,,,,71.08800000000001,3.01894,,,,,,,
1978.71,271.445,,,,69.845,3.02155,,,,,,,
1978.79,273.775,,,,70.845,3.1,,,,,,,
1978.88,276.78,,,,71.945,3.0838900000000002,,,,,,,
1978.96,280.265,,,,74.768,3.11568,,,,,,,
1979.04,283.425,,,,74.405,3.14912,,,,,,,
1979.12,283.455,,,,74.29,3.16,,,,,,,
1979.21,284.052,,,,74.815,3.3256,,,,,,,
1979.29,285.533,,,,75.941,3.38176,,,,,,,
1979.38,286.657,,,,76.582,3.4363099999999998,,,,,,,
1979.46,286.92,,,,76.62,3.48924,,,,,,,
1979.54,289.312,,,,76.863,3.5405599999999997,,,,,,,
1979.62,291.99,,,,78.075,3.59026,,,,,,,
1979.71,291.58,,,,76.977,3.63835,,,,,,,
1979.79,293.93,,,,78.702,3.6848199999999998,,,,,,,
1979.88,295.9,,,,80.055,3.72968,,,,,,,
1979.96,296.553,,,,79.574,3.77293,,,,,,,
1980.04,297.938,,,,81.455,3.8145599999999997,,,,,,,
1980.12,299.283,,,,81.607,3.8545800000000003,,,,,,,
1980.21,302.04,,,,83.545,3.89298,,,,,,,
1980.29,303.579,,,,83.678,3.9297699999999995,,,,,,,
1980.38,304.78700000000003,,,,84.726,3.96495,,,,,,,
1980.46,306.788,,,,85.175,3.99851,,,,,,,
1980.54,309.24,,,,85.181,4.03046,,,,,,,
1980.62,309.9,,,,84.971,4.1,,,,,,,
1980.71,311.158,,,,84.935,4.052230000000001,,,,,,,
1980.79,311.0,,,,86.156,4.09131,,,,,,,
1980.88,313.30400000000003,,,,87.565,4.12973,,,,,,,
1980.96,314.415,,,,87.90100000000001,4.16748,,,,,,,
1981.04,315.323,,,,87.711,4.2045699999999995,,,,,,,
1981.12,315.801,,,,88.509,4.24099,,,,,,,
1981.21,315.77099999999996,,,,88.055,4.27675,,,,,,,
1981.29,318.004,,,,89.368,4.31185,,,,,,,
1981.38,319.04900000000004,,,,89.99700000000001,4.34628,,,,,,,
1981.46,319.789,,,,90.09899999999999,4.38005,,,,,,,
1981.54,321.177,,,,89.978,4.41315,,,,,,,
1981.62,324.095,,,,89.899,4.44559,,,,,,,
1981.71,326.139,,,,90.321,4.47737,,,,,,,
1981.79,327.39099999999996,,,,90.585,4.5084800000000005,,,,,,,
1981.88,328.851,,,,90.863,4.538930000000001,,,,,,,
1981.96,329.76099999999997,,,,91.87,4.56871,,,,,,,
1982.04,331.18,,,,92.24,4.59783,,,,,,,
1982.12,332.11400000000003,,,,92.869,4.32,,,,,,,
1982.21,333.04900000000004,,,,93.119,4.6273,,,,,,,
1982.29,335.348,,,,94.991,4.63791,,,,,,,
1982.38,336.24699999999996,,,,94.764,4.95,,,,,,,
1982.46,338.541,,,,95.01,4.56574,,,,,,,
1982.54,339.486,,,,95.29799999999999,4.55894,,,,,,,
1982.62,341.13599999999997,,,,94.706,4.5539,,,,,,,
1982.71,342.401,,,,94.165,4.5506400000000005,,,,,,,
1982.79,343.974,,,,94.98100000000001,4.54914,,,,,,,
1982.88,345.95,,,,95.601,4.54943,,,,,,,
1982.96,348.024,,,,96.756,4.551480000000001,,,,,,,
1983.04,348.256,,,,96.13,4.5553099999999995,,,,,,,
1983.12,349.042,,,,96.06,4.56091,,,,,,,
1983.21,350.259,,,,96.788,4.568280000000001,,,,,,,
1983.29,351.18800000000005,,,,98.339,4.5774300000000006,,,,,,,
1983.38,352.48900000000003,,,,98.84200000000001,4.5883400000000005,,,,,,,
1983.46,353.889,,,,98.728,4.60104,,,,,,,
1983.54,356.244,,,,99.03,4.6155,,,,,,,
1983.62,359.415,,,,99.12100000000001,4.53,,,,,,,
1983.71,360.62800000000004,,,,98.471,4.61284,,,,,,,
1983.79,362.019,,,,98.61399999999999,4.61731,,,,,,,
1983.88,363.111,,,,98.84899999999999,4.6245400000000005,,,,,,,
1983.96,364.966,,,,101.006,4.63454,,,,,,,
1984.04,365.125,,,,100.95200000000001,4.64729,,,,,,,
1984.12,365.85699999999997,,,,101.588,4.6628,,,,,,,
1984.21,366.642,,,,102.743,4.68107,,,,,,,
1984.29,368.14,,,,102.33,4.70211,,,,,,,
1984.38,369.43199999999996,,,,102.875,4.7259,,,,,,,
1984.46,370.965,,,,103.47,4.75245,,,,,,,
1984.54,372.75,,,,103.35700000000001,4.78177,,,,,,,
1984.62,374.413,,,,103.23,4.81384,,,,,,,
1984.71,376.68199999999996,,,,102.98200000000001,4.848669999999999,,,,,,,
1984.79,378.412,,,,103.493,4.88627,,,,,,,
1984.88,379.92,,,,103.69,4.92662,,,,,,,
1984.96,382.648,,,,106.007,4.96974,,,,,,,
1985.04,383.49199999999996,,,,105.87799999999999,5.015619999999999,,,,,,,
1985.12,384.32300000000004,,,,105.99700000000001,5.06425,,,,,,,
1985.21,385.63300000000004,,,,106.82700000000001,5.11565,,,,,,,
1985.29,386.295,,,,106.65,5.16981,,,,,,,
1985.38,388.24699999999996,,,,107.765,5.226719999999999,,,,,,,
1985.46,388.595,,,,106.44,5.2864,,,,,,,
1985.54,391.95,,,,107.295,5.34884,,,,,,,
1985.62,393.445,,,,107.63,5.57,,,,,,,
1985.71,394.885,,,,107.165,5.57597,,,,,,,
1985.79,395.8,,,,107.5,5.6216800000000005,,,,,,,
1985.88,397.13800000000003,,,,107.855,5.6677,,,,,,,
1985.96,399.67,,,,109.37799999999999,5.71402,,,,,,,
1986.04,400.04699999999997,,,,108.818,5.76065,,,,,,,
1986.12,401.668,,,,109.488,5.755,,,,,,,
1986.21,402.70300000000003,,,,109.385,5.82787,,,,,,,
1986.29,405.525,,,,111.425,5.87005,,,,,,,
1986.38,406.13300000000004,,,,110.54299999999999,5.91314,,,,,,,
1986.46,410.075,,,,111.337,5.95712,,,,,,,
1986.54,410.97,,,,110.98200000000001,6.002000000000001,,,,,,,
1986.62,412.585,,,,109.395,6.04778,,,,,,,
1986.71,417.228,,,,110.315,6.09446,,,,,,,
1986.79,417.92199999999997,,,,109.963,6.14204,,,,,,,
1986.88,418.51,,,,109.568,6.26,,,,,,,
1986.96,420.528,,,,111.1,6.25603,,,,,,,
1987.04,421.538,,,,110.37799999999999,6.24,,,,,,,
1987.12,421.309,,,,110.47,6.22431,,,,,,,
1987.21,421.86800000000005,,,,111.12899999999999,6.2196,,,,,,,
1987.29,422.809,,,,113.051,6.21914,,,,,,,
1987.38,424.574,,,,113.85700000000001,6.22,,,,,,,
1987.46,427.605,,,,114.934,6.2918199999999995,,,,,,,
1987.54,429.374,,,,114.98100000000001,6.31291,,,,,,,
1987.62,430.716,,,,114.404,6.335319999999999,,,,,,,
1987.71,432.689,,,,114.061,6.35905,,,,,,,
1987.79,435.329,,,,114.661,6.3840900000000005,,,,,,,
1987.88,436.835,,,,115.036,6.41045,,,,,,,
1987.96,438.339,,,,116.277,6.43813,,,,,,,
1988.04,440.656,,,,117.089,6.4671199999999995,,,,,,,
1988.12,441.599,,,,118.00399999999999,6.4974300000000005,,,,,,,
1988.21,442.68,,,,118.287,6.529059999999999,,,,,,,
1988.29,444.764,,,,119.506,6.562,,,,,,,
1988.38,447.486,,,,120.324,6.596260000000001,,,,,,,
1988.46,448.11699999999996,,,,120.471,6.66,,,,,,,
1988.54,450.1,,,,120.59899999999999,6.64664,,,,,,,
1988.62,453.079,,,,119.76299999999999,6.6900699999999995,,,,,,,
1988.71,455.295,,,,119.3,6.73538,,,,,,,
1988.79,456.64099999999996,,,,118.391,6.78255,,,,,,,
1988.88,458.833,,,,120.58,6.8316,,,,,,,
1988.96,460.431,,,,121.67,6.88253,,,,,,,
1989.04,461.17699999999996,,,,121.134,6.93532,,,,,,,
1989.12,463.13,,,,121.82700000000001,6.98999,,,,,,,
1989.21,463.719,,,,122.339,7.046530000000001,,,,,,,
1989.29,465.70599999999996,,,,123.275,7.05,,,,,,,
1989.38,467.099,,,,123.825,7.2567,,,,,,,
1989.46,468.024,,,,123.573,7.311439999999999,,,,,,,
1989.54,470.792,,,,125.18,7.365410000000001,,,,,,,
1989.62,472.472,,,,124.236,7.4186,,,,,,,
1989.71,474.175,,,,123.469,7.471010000000001,,,,,,,
1989.79,474.624,,,,123.568,7.52263,,,,,,,
1989.88,476.66900000000004,,,,125.18700000000001,7.57348,,,,,,,
1989.96,477.719,,,,125.729,7.62355,,,,,,,
1990.04,479.006,,,,125.883,7.672839999999999,,,,,,,
1990.12,479.83,,,,126.209,7.72135,,,,,,,
1990.21,480.833,,,,126.23100000000001,7.769080000000001,,,,,,,
1990.29,482.274,,,,127.44200000000001,7.8160300000000005,,,,,,,
1990.38,484.38,,,,129.265,8.05,,,,,,,
1990.46,485.33099999999996,,,,129.963,8.032060000000001,,,,,,,
1990.54,486.347,,,,128.357,8.07058,,,,,,,
1990.62,487.783,,,,128.511,8.10497,,,,,,,
1990.71,489.602,,,,128.467,8.13524,,,,,,,
1990.79,489.934,,,,127.626,8.16137,,,,,,,
1990.88,491.659,,,,130.137,8.18338,,,,,,,
1990.96,491.815,,,,131.215,8.07,,,,,,,
1991.04,492.395,,,,129.16299999999998,8.1371,,,,,,,
1991.12,492.855,,,,127.544,8.21198,,,,,,,
1991.21,492.79400000000004,,,,127.148,8.31,,,,,,,
1991.29,494.17400000000004,,,,128.833,8.40635,,,,,,,
1991.38,495.361,,,,130.006,8.53198,,,,,,,
1991.46,496.09,,,,129.395,8.65,,,,,,,
1991.54,497.43,,,,129.315,8.85,,,,,,,
1991.62,497.105,,,,129.545,8.65553,,,,,,,
1991.71,498.20300000000003,,,,129.372,8.639560000000001,,,,,,,
1991.79,499.06,,,,128.975,8.64931,,,,,,,
1991.88,499.30699999999996,,,,129.398,8.68476,,,,,,,
1991.96,501.395,,,,131.225,8.74592,,,,,,,
1992.04,501.75300000000004,,,,129.605,8.68,,,,,,,
1992.12,503.185,,97.8,,130.13299999999998,9.06,,,,,,,
1992.21,503.402,,99.3,,130.445,8.88447,,,,,,,
1992.29,504.30699999999996,,100.9,,131.155,8.81,,,,,,,
1992.38,505.083,,101.25,,131.631,8.900310000000001,,,,,,,
1992.46,506.35,,101.65,,131.85399999999998,8.9447,,,,,,,
1992.54,507.48699999999997,,101.95,,131.091,9.12,,,,,,,
1992.62,509.05300000000005,,102.55,,130.62,9.21278,,,,,,,
1992.71,509.445,,103.15,,129.985,9.295,,,,,,,
1992.79,509.87199999999996,,103.45,,129.975,9.37065,,,,,,,
1992.88,510.478,,104.3,,128.905,9.433769999999999,,,,,,,
1992.96,511.42,,105.05,,129.155,9.48644,,,,,,,
1993.04,511.665,,103.75,,129.292,9.52865,,,,,,,
1993.12,511.215,,103.35,0.405,127.815,9.560410000000001,,,,,,,
1993.21,511.935,,102.9,0.45,128.512,9.581719999999999,,,,,,,
1993.29,512.065,,103.55,0.54,127.66799999999999,9.59257,,,,,,,
1993.38,512.453,,104.15,0.57,127.397,9.59297,,,,,,,
1993.46,513.138,,105.65,0.62,127.01799999999999,9.585,,,,,,,
1993.54,513.8,,106.1,0.645,125.91,9.58048,,,,,,,
1993.62,515.194,,106.35,0.835,124.493,9.53,,,,,,,
1993.71,515.88,,106.85,0.89,123.319,9.68,,,,,,,
1993.79,516.816,,107.25,0.985,122.35700000000001,9.830960000000001,,,,,,,
1993.88,516.395,,108.0,1.06,120.765,9.91087,,,,,,,
1993.96,517.661,,109.25,1.13,120.84,9.939119999999999,,,,,,,
1994.04,518.697,,108.25,1.14,120.31,9.9157,,,,,,,
1994.12,519.489,,109.3,1.315,119.39399999999999,9.86,,,,,,,
1994.21,519.405,,111.0,1.5,118.06,9.7,,,,,,,
1994.29,519.9830000000001,,111.5,1.57,117.691,10.02,,,,,,,
1994.38,520.809,,111.7,1.84,117.221,9.983089999999999,,,,,,,
1994.46,520.775,,111.2,1.875,115.256,9.995,,,,,,,
1994.54,521.7280000000001,,111.15,2.085,114.322,10.0246,,,,,,,
1994.62,522.19,,111.4,2.115,113.23200000000001,10.065,,,,,,,
1994.71,523.242,,112.95,2.195,112.336,10.1241,,,,,,,
1994.79,523.762,,112.75,2.36,111.781,10.21,,,,,,,
1994.88,524.187,,113.55,2.7905,110.90799999999999,10.3062,,1.0655,,,,,
1994.96,524.975,,112.3,2.82675,109.671,10.41,,1.05075,,,,,
1995.04,525.089,,111.95,2.8517900000000003,108.315,10.3905,,1.12284,,,,,
1995.12,525.626,,114.15,2.89146,107.68,10.36,,1.26691,,,,,
1995.21,525.964,,113.85,3.0525,107.102,10.81,,1.37025,,,,,
1995.29,525.502,,115.0,3.33075,106.333,10.42,,1.53325,,,,,
1995.38,525.863,,115.4,3.44325,105.234,10.7673,,1.5365,,,,,
1995.46,526.447,,115.8,3.53825,104.35600000000001,10.96,,1.651,,,,,
1995.54,526.966,,116.2,3.76975,103.079,10.8841,,1.73525,,,,,
1995.62,527.464,,117.35,3.90125,101.4,10.9835,,1.7990000000000002,,,,,
1995.71,527.935,,117.4,4.033,99.802,11.0727,,1.8924599999999998,,,,,
1995.79,528.27,,119.45,4.26175,99.64,11.1519,,2.06975,,,,,
1995.88,529.04,,118.15,4.33175,97.96600000000001,11.08,,2.1375,,,,,
1995.96,529.295,,119.55,4.63296,97.085,11.1921,,2.3020400000000003,,,,,
1996.04,530.001,,119.55,4.73525,96.295,11.2708,,2.40675,,,,,3.445
1996.12,530.393,,121.2,5.091,95.615,11.43,,2.645,,,,,3.475
1996.21,530.89,,120.6,5.02875,94.48,11.4969,,2.57,,,,,3.51
1996.29,531.298,,119.25,4.959,93.311,11.54,,2.75375,,,,,3.5
1996.38,532.0319999999999,,120.2,5.204,92.87700000000001,11.5,,2.80325,,,,,3.535
1996.46,532.54,,120.3,5.40825,90.949,11.7443,,3.005,,,,,3.59
1996.54,532.859,,121.1,5.497000000000001,89.234,11.8418,,3.19875,,,,,3.675
1996.62,533.104,,121.75,5.73375,87.49600000000001,11.97,,3.3155,,,,,3.695
1996.71,533.442,,122.35,5.94075,86.333,11.9596,,3.49225,,,,,3.645
1996.79,533.516,,123.5,6.11475,84.802,12.0087,,3.6645,,,,,3.685
1996.88,534.1659999999999,,124.0,6.55025,83.833,11.93,,3.93975,,,,,3.71
1996.96,534.364,,124.15,6.76375,83.021,11.9789,,4.04175,,,,,3.765
1997.04,534.689,,124.35,6.78753,82.179,12.06,,4.12804,,,,,3.78
1997.12,534.594,,123.7,6.87568,80.958,12.12,,4.38025,,,,,3.775
1997.21,534.854,,125.2,6.980519999999999,80.139,12.2374,,4.685,,,,,3.785
1997.29,534.909,,124.85,7.159560000000001,78.862,12.335999999999999,,4.60825,,,,,3.815
1997.38,535.031,,125.7,7.3203,78.02600000000001,12.45,,4.5405,,,,,3.835
1997.46,535.2090000000001,,125.85,7.5477300000000005,77.126,12.5504,,4.61635,,,,,3.825
1997.54,535.846,,126.45,7.63687,75.75399999999999,12.64,,4.88705,,,,,3.87
1997.62,536.22,,126.65,7.5852,74.46300000000001,12.6135,,5.08135,,,,,3.905
1997.71,536.474,,127.1,7.7977300000000005,73.258,12.6651,,5.638,,,,,3.92
1997.79,536.7230000000001,,127.35,7.94195,72.05199999999999,12.7231,,5.69325,,,,,3.965
1997.88,537.239,,127.4,8.092880000000001,71.357,12.7875,,6.239,,,,,3.96
1997.96,537.431,,128.35,8.253,70.47800000000001,12.8584,,6.36975,,,,,4.01
1998.04,537.746,,128.45,8.20982,69.57,12.9356,,6.47325,,,,,4.04
1998.12,537.3530000000001,,129.15,8.37575,68.384,13.0192,,6.82375,,,,,4.04
1998.21,537.5880000000001,,128.762,8.53825,67.416,12.98,0.778,6.7015,1.288,,,,4.055
1998.29,537.481,,129.749,8.8115,66.676,13.31,0.7959999999999999,6.96175,1.3765,,,,4.08
1998.38,537.778,,129.994,8.9375,65.737,13.4323,0.81875,7.08325,1.4065,,,,4.14
1998.46,538.012,,130.549,9.19025,64.777,13.6007,0.8315,7.422000000000001,1.4325,,,,4.095
1998.54,538.4259999999999,,131.106,9.2995,63.733999999999995,13.748,0.882,7.702000000000001,1.4040000000000001,,,,4.13
1998.62,538.68,,131.97,9.50025,62.666000000000004,13.8744,0.9129999999999999,8.02925,1.3530000000000002,,,,4.14
1998.71,539.14,,133.089,9.7255,61.619,13.9797,0.90075,8.45225,1.3645,,,,4.14
1998.79,539.3530000000001,,133.482,9.8985,60.77,14.04,0.9075,8.7465,1.3530000000000002,,,,4.15
1998.88,539.948,,133.662,10.0875,59.842,14.0891,0.95025,8.93075,1.4075,,,,4.22
1998.96,540.111,,134.494,10.2501,59.125,14.175,0.96478,9.15071,1.43329,,,,4.21
1999.04,540.432,,134.349,10.3724,58.446999999999996,14.2549,0.9832209999999999,9.35554,1.47696,,,,4.245
1999.12,540.399,,134.559,10.4432,57.605,14.2,0.996,9.56725,1.4995,,,,4.275
1999.21,540.064,,135.07,10.548,56.7,14.49,1.03075,9.77675,1.554,,,,4.27
1999.29,540.18,,135.7,10.7677,55.855,14.18,1.06025,10.047,1.5925,,,,4.285
1999.38,540.125,,136.336,10.8878,55.037,14.3573,1.12975,10.329,1.611,,,,4.335
1999.46,540.198,,136.745,11.0527,54.361000000000004,14.54,1.135,10.6015,1.5785,,,,4.32
1999.54,540.413,,136.953,11.142999999999999,53.215,14.6332,1.16767,10.885,1.5659999999999998,,,,4.33
1999.62,540.763,,137.42600000000002,11.2675,52.21,14.72,1.1845,11.2437,1.548,,,,4.35
1999.71,540.87,,137.857,11.4618,51.596000000000004,15.17,1.14875,11.5988,1.527,,,,4.37
1999.79,541.302,,138.715,11.6477,50.852,14.64,1.17675,11.9102,1.6105,,,,4.39
1999.88,541.605,,139.191,11.8035,50.106,15.1,1.20825,12.1935,1.6640000000000001,,,,4.405
1999.96,541.985,,139.477,11.9392,49.471000000000004,14.79,1.21275,12.4905,1.6475,,,,4.425
2000.04,542.258,,139.539,12.0632,48.836000000000006,14.67,1.2355,12.6573,1.6735,,,,4.477
2000.12,542.232,,139.486,12.0682,48.128,14.97,1.28775,12.7017,1.6815,,,,4.502
2000.21,542.378,,140.216,12.2092,47.582,15.0941,1.32531,13.0025,1.6895,,,,4.4895
2000.29,542.448,,141.079,12.5468,46.966,15.2601,1.35533,13.460999999999999,1.805,,,,4.522
2000.38,542.4780000000001,,141.09,12.595999999999998,46.254,15.4118,1.38317,13.6575,1.7915,,,,4.4935
2000.46,542.609,,141.329,12.7838,45.54600000000001,15.5493,1.4228399999999999,13.9655,1.7885,,,,4.535
2000.54,542.849,,142.055,12.994000000000002,44.641999999999996,15.6725,1.4715,14.3328,1.729,,,,4.558
2000.62,543.151,,143.111,13.1085,43.958999999999996,15.7815,1.50216,14.6602,1.709,,,,4.565
2000.71,543.332,,143.34,13.1503,43.286,15.8762,1.52631,14.8485,1.7225,,,,4.5905
2000.79,543.748,,144.436,13.4695,42.411,15.9566,1.57295,15.4422,1.825,,,,4.6255
2000.88,543.851,,145.224,13.578,42.018,16.0228,1.6453400000000002,15.7193,1.89,,,,4.6145
2000.96,543.977,,145.175,13.6388,41.54600000000001,16.0747,1.68272,15.8512,1.9845,,,,4.65
2001.04,543.891,,144.875,13.6632,40.903,16.1124,1.71933,16.0607,1.92858,,,,4.671
2001.12,543.914,,145.50799999999998,13.8003,40.354,16.1358,1.7463099999999998,16.2545,1.9815,,,,4.688
2001.21,543.749,,146.261,13.908,39.766,16.1449,1.7789599999999999,16.6442,2.0115,,,,4.7025
2001.29,543.501,,146.66,14.0247,39.29,16.11,1.8038,16.7018,2.045,,,,4.7215
2001.38,543.355,,147.52700000000002,14.0487,38.688,16.1792,1.83707,17.0443,2.0909999999999997,,,,4.7225
2001.46,543.636,,148.157,14.1908,38.024,16.11,1.8568799999999999,17.4148,2.12,,,,4.736000000000001
2001.54,543.785,,148.852,14.3187,37.376999999999995,16.69,1.8840299999999999,17.6957,2.0555,,,,4.7555
2001.62,543.784,,148.322,14.331,36.62,16.83,1.91,18.033,1.943,,,,4.76475
2001.71,543.885,,149.269,14.524000000000001,36.102,16.08,1.992,18.5098,1.9795,,,,4.8025
2001.79,544.19,,150.376,14.7013,35.56,16.41,1.9095,18.934,2.022,,,,4.81825
2001.88,544.322,,150.626,14.7458,34.977,16.77,1.94925,19.2492,2.1335,,,,4.85
2001.96,544.501,,151.047,14.9453,34.516999999999996,16.58,1.9545,19.602,2.2495,,,,4.837
2002.04,544.62,,150.778,14.8475,34.015,16.5576,1.9722099999999998,19.5895,2.2165,,,,4.85559
2002.12,544.49,,151.373,15.1195,33.527,16.5022,2.0384599999999997,20.0065,2.208,,,,4.87675
2002.21,544.434,,151.701,15.2397,33.086,16.4655,2.12049,20.2087,2.271,,,,4.893
2002.29,544.206,,152.049,15.2887,32.605,16.4477,2.1273,20.442,2.2840000000000003,,,,4.941
2002.38,543.967,,152.64,15.498,32.108000000000004,16.4486,2.16641,20.8072,2.40517,,,,4.909
2002.46,543.928,,153.887,15.5672,31.583000000000002,16.4683,2.1808,21.217,2.456,,,,4.9275
2002.54,543.994,,153.156,15.5223,31.031999999999996,16.5068,2.20074,21.4645,2.408,,,,4.946000000000001
2002.62,544.195,,154.06799999999998,15.7787,30.33,16.5641,2.2822,22.0845,2.3409999999999997,,,,4.97275
2002.71,544.232,,155.24,15.9352,29.951,16.6401,2.36521,22.5303,2.332,,,,4.99275
2002.79,544.433,,155.83700000000002,16.0385,29.491,16.735,2.40501,23.1328,2.4905,,,,5.02375
2002.88,544.637,,156.113,16.2517,29.087,16.8486,2.40809,23.4955,2.637,,,,5.03775
2002.96,544.539,,156.042,16.3165,28.705,16.980999999999998,2.40921,23.6593,2.767,,,,5.0605
2003.04,544.591,,155.90200000000002,16.2787,28.375999999999998,17.16,2.43975,23.854,2.736,,,,5.06825
2003.12,544.242,,156.03799999999998,16.3053,28.024,17.2562,2.46565,23.9242,2.6895,,,,5.08925
2003.21,544.377,,156.558,16.3965,27.595,17.47,2.539,24.339000000000002,2.8165,,,,5.10675
2003.29,544.273,,156.959,16.502,27.178,17.16,2.627,24.709,2.967,,,,5.127000000000001
2003.38,544.072,,157.511,16.5947,26.863000000000003,17.68,2.68825,25.0585,2.944,,,,5.1325
2003.46,543.807,,158.539,16.6735,26.578000000000003,17.7221,2.7296099999999996,25.4835,2.9415,,,,5.15225
2003.54,544.039,,158.971,16.6792,26.055999999999997,17.828,2.79407,25.7957,2.9165,,,,5.17425
2003.62,544.076,,159.445,16.820999999999998,25.494,17.8498,2.8376900000000003,26.3165,2.7689999999999997,,,,5.197
2003.71,544.182,,159.578,16.9303,25.125999999999998,17.64,2.8675,26.644000000000002,2.7495,,,,5.22625
2003.79,544.336,,160.485,17.089000000000002,24.77,17.74,3.0260000000000002,27.3027,2.928,,,,5.24025
2003.88,544.404,,161.155,17.2722,24.354,17.54,2.93038,27.9888,3.159,,,,5.25375
2003.96,544.688,,160.746,17.1997,24.066,17.49,2.99425,28.0532,3.1865,,,,5.276
2004.0420000000001,544.682,,160.586,17.179000000000002,23.726999999999997,18.04,2.917,28.162,2.908,,74.061,3.533,5.277
2004.125,544.464,,160.75,17.184,23.424,18.3257,2.926,28.141,2.884,,74.055,3.543,5.295
2004.2079999999999,544.3380000000001,,161.33100000000002,17.305,23.013,18.474,2.955,28.461,2.986,,74.15,3.553,5.319
2004.2920000000001,543.999,,161.691,17.338,22.721,18.4503,3.015,28.868000000000002,3.0439999999999996,,74.219,3.552,5.34
2004.375,543.814,,162.491,17.448,22.358,18.22,3.06,29.455,3.1489999999999996,,74.256,3.553,5.369
2004.4579999999999,543.6,,163.129,17.469,21.988000000000003,17.91,3.089,29.909000000000002,3.083,,74.257,3.5589999999999997,5.388999999999999
2004.5420000000001,543.352,,163.60399999999998,17.49,21.668000000000003,18.335,3.136,30.209,3.051,,74.367,3.573,5.41
2004.625,543.63,,164.476,17.551,21.151999999999997,18.69,3.2230000000000003,30.825,3.082,,74.414,3.5839999999999996,5.433
2004.7079999999999,543.418,,164.771,17.532,20.844,18.17,3.2680000000000002,31.278000000000002,3.069,,74.40100000000001,3.588,5.435
2004.7920000000001,543.525,,165.735,17.642,20.551,,3.342,31.815,3.1919999999999997,,74.475,3.608,5.442
2004.875,543.691,,165.862,17.573,20.239,,3.375,32.114000000000004,3.2489999999999997,,74.51,3.609,5.4639999999999995
2004.9579999999999,543.682,,166.088,17.567999999999998,20.019000000000002,,3.412,32.422,3.306,,74.555,3.6210000000000004,5.489
2005.0420000000001,543.702,,165.765,17.499000000000002,19.768,,3.4410000000000003,32.494,3.2960000000000003,,74.657,3.6180000000000003,5.4910000000000005
2005.125,543.388,,165.84900000000002,17.508,19.514,,3.492,32.623000000000005,3.3080000000000003,,74.714,3.633,5.507000000000001
2005.2079999999999,543.434,,166.28799999999998,17.52,19.212,,3.557,32.97,3.4330000000000003,,74.76,3.642,5.524
2005.2920000000001,543.148,,167.014,17.623,18.937,,3.623,33.479,3.5269999999999997,,74.852,3.657,5.542999999999999
2005.375,542.91,,167.896,17.675,18.73,,3.758,33.825,3.585,,74.961,3.67,5.584
2005.4579999999999,542.867,,168.50900000000001,17.674,18.364,,3.759,34.271,3.614,,75.00399999999999,3.665,5.608
2005.5420000000001,542.746,,169.31799999999998,17.695,18.099,,3.767,34.787,3.633,,74.998,3.668,5.63
2005.625,542.684,,169.87599999999998,17.729,17.785999999999998,,3.807,35.217,3.61,,75.059,3.674,5.642
2005.7079999999999,542.737,,170.646,17.788,17.5,,3.8480000000000003,35.66,3.6660000000000004,,75.107,3.68,5.662999999999999
2005.7920000000001,542.761,,170.822,17.79,17.214000000000002,,3.904,35.944,3.6889999999999996,,75.139,3.676,5.682
2005.875,542.868,,171.685,17.887999999999998,16.91,,4.007,36.455,3.886,,75.256,3.69,5.707999999999999
2005.9579999999999,542.874,,172.576,17.971,16.687,,4.067,37.004,4.118,,75.314,3.696,5.744
2006.0420000000001,542.76,,172.43,17.914,16.461,,4.083,36.97,4.15,,75.377,3.7030000000000003,5.768
2006.125,542.6759999999999,,172.68900000000002,17.871,16.215,,4.13,37.176,4.166,,75.429,3.7089999999999996,5.774
2006.2079999999999,542.2669999999999,,172.69099999999997,17.802,15.965,,4.145,37.227,4.147,,75.46600000000001,3.714,5.772
2006.2920000000001,541.944,,173.63400000000001,17.907,15.808,,4.22,37.711,4.302,,75.56,3.7319999999999998,5.807
2006.375,541.795,,174.132,17.942,15.589,,4.293,38.016,4.306,,75.579,3.738,5.818
2006.4579999999999,541.465,,175.294,18.022000000000002,15.356,,4.382,38.643,4.391,,75.626,3.736,5.848
2006.5420000000001,541.181,,176.52599999999998,18.131,15.084000000000001,,4.467,39.385,4.474,,75.67,3.745,5.869
2006.625,540.818,,176.38099999999997,18.084,14.852,,4.471,39.635,4.387,,75.669,3.7489999999999997,5.867000000000001
2006.7079999999999,540.788,,177.208,18.17,14.613,,4.556,40.027,4.385,,75.74600000000001,3.761,5.888
2006.7920000000001,540.7869999999999,,178.14,18.264,14.425999999999998,,4.618,40.294000000000004,4.493,,75.82600000000001,3.781,5.912000000000001
2006.875,540.746,,179.359,18.430999999999997,14.206,,4.7139999999999995,40.904,4.724,,75.919,3.783,5.9479999999999995
2006.9579999999999,540.79,,179.9,18.53,14.054,,4.77,41.138000000000005,4.879,,76.03399999999999,3.781,5.983
2007.0420000000001,540.6,,179.31599999999997,18.456,13.812000000000001,,4.797,41.018,4.838,,76.137,3.7910000000000004,5.996
2007.125,540.591,,180.69,18.613,13.624,,4.9,41.513999999999996,5.11,,76.236,3.804,6.045
2007.2079999999999,540.269,,181.005,18.649,13.482999999999999,,4.948,41.761,5.232,,76.304,3.822,6.068
2007.2920000000001,539.969,,181.555,18.672,13.305,,5.016,42.06399999999999,5.26,,76.361,3.835,6.091
2007.375,539.773,,182.615,18.781,13.124,,5.104,42.611000000000004,5.388,,76.415,3.85,6.126
2007.4579999999999,539.217,,183.113,18.792,12.897,,5.151,42.89,5.277,,76.35600000000001,3.8510000000000004,6.136
2007.5420000000001,539.091,,183.68099999999998,18.805,12.625,,5.202999999999999,43.333999999999996,5.193,,76.418,3.8569999999999998,6.149
2007.625,538.9780000000001,,184.438,18.842,12.38,,5.263,43.848,5.132999999999999,,76.444,3.867,6.165
2007.7079999999999,538.8330000000001,,185.75400000000002,18.907,12.158,,5.36,44.583999999999996,5.22,,76.482,3.867,6.194
2007.7920000000001,539.01,,186.02200000000002,18.934,11.964,21.214000000000002,5.4,44.815,5.218999999999999,,76.53,3.8710000000000004,6.2139999999999995
2007.875,539.05,,187.173,19.111,11.78,21.291,5.525,45.419,5.43,,76.653,3.884,6.245
2007.9579999999999,538.8290000000001,,187.74200000000002,19.171,11.668,21.36,5.57,45.638999999999996,5.609,,76.689,3.887,6.268
2008.0420000000001,538.736,,189.28900000000002,19.296,11.536,21.506999999999998,5.695,46.2,5.825,,76.792,3.898,6.307
2008.125,538.477,,189.41299999999998,19.285999999999998,11.380999999999998,21.561,5.7589999999999995,46.411,5.905,,76.846,3.906,6.318
2008.2079999999999,538.087,,189.495,19.269000000000002,11.225,21.644000000000002,5.824,46.643,5.978,,76.899,3.907,6.337999999999999
2008.2920000000001,537.76,,190.192,19.340999999999998,11.047,21.739,5.905,47.011,6.042000000000001,,76.965,3.9160000000000004,6.369
2008.375,537.599,,190.679,19.392,10.952,21.8,5.954,47.297,5.928,,77.028,3.929,6.396
2008.4579999999999,537.4169999999999,,191.033,19.417,10.774000000000001,21.859,6.017,47.547,5.845,,77.044,3.932,6.419
2008.5420000000001,537.107,,192.1,19.46,10.623,21.955,6.102,48.284,5.811,,77.12100000000001,3.9389999999999996,6.437
2008.625,536.8430000000001,,193.043,19.458,10.415999999999999,22.011,6.186,48.786,5.678999999999999,,77.176,3.946,6.452999999999999
2008.7079999999999,536.773,,194.405,19.605,10.264000000000001,22.078000000000003,6.315,49.443999999999996,5.83,,77.257,3.9619999999999997,6.483
2008.7920000000001,536.927,,194.104,19.508,10.07,22.061999999999998,6.3260000000000005,49.281000000000006,5.58,,77.259,3.965,6.4879999999999995
2008.875,536.915,,196.12,19.747,9.95,22.221999999999998,6.519,50.255,6.0360000000000005,,77.362,3.9819999999999998,6.5489999999999995
2008.9579999999999,536.8330000000001,,196.827,19.768,9.791,22.318,6.604,50.683,6.236000000000001,,77.456,3.991,6.586
2009.0420000000001,536.646,,196.53799999999998,19.678,9.664,22.34,6.685,50.763999999999996,6.18,,77.441,3.99,6.596
2009.125,536.303,,196.425,19.677,9.52,22.375999999999998,6.716,50.821000000000005,6.1339999999999995,,77.483,3.9939999999999998,6.607
2009.2079999999999,535.846,,196.97299999999998,19.738,9.386000000000001,22.464000000000002,6.792000000000001,51.18899999999999,6.265,,77.54899999999999,3.992,6.63
2009.2920000000001,535.496,,197.372,19.76,9.234,22.486,6.864,51.453,6.22,,77.585,3.995,6.654
2009.375,535.249,,197.889,19.804000000000002,9.08,22.516,6.961,51.871,6.138999999999999,,77.63600000000001,4.004,6.681
2009.4579999999999,534.932,,198.313,19.792,8.96,22.549,6.994,52.217,6.021,,77.653,4.007,6.689
2009.5420000000001,534.7230000000001,,199.365,19.852,8.822000000000001,22.596999999999998,7.0889999999999995,52.806000000000004,5.917999999999999,,77.706,4.016,6.71
2009.625,534.484,,200.62900000000002,19.892,8.681000000000001,22.628,7.218,53.576,5.921,,77.77199999999999,4.018,6.723
2009.7079999999999,534.444,,201.003,19.924,8.542,22.65,7.296,53.977,5.813,,77.806,4.022,6.737
2009.7920000000001,534.347,,201.551,20.072,8.439,22.738000000000003,7.364,54.24,5.8660000000000005,,77.81,4.025,6.756
2009.875,534.264,,202.28599999999997,20.073,8.341000000000001,22.796,7.44,54.479,5.797000000000001,,77.888,4.0280000000000005,6.791
2009.9579999999999,534.259,,202.608,20.125,8.24,22.84,7.527,54.81399999999999,6.071000000000001,,77.923,4.033,6.817
2010.0420000000001,534.119,,202.41299999999998,20.122,8.085,22.837,7.581,54.891000000000005,6.037000000000001,,77.969,4.033,6.845
2010.125,533.7230000000001,,202.753,20.13,7.936,22.906999999999996,7.746,55.458999999999996,6.0089999999999995,,78.087,4.055,6.898
2010.2079999999999,533.5369999999999,,202.95,20.125,7.805,22.943,7.83,55.667,6.025,,78.126,4.061,6.906000000000001
2010.2920000000001,533.439,,205.08700000000002,20.354,7.732,23.086,8.011000000000001,56.693000000000005,6.346,,78.23100000000001,4.073,6.9479999999999995
2010.375,533.249,,205.792,20.437,7.627999999999999,23.180999999999997,8.087,57.082,6.327000000000001,,78.29,4.084,6.965
2010.4579999999999,532.899,,206.19,20.5,7.5089999999999995,23.264,8.17,57.412,6.2589999999999995,,78.335,4.09,6.979
2010.5420000000001,532.58,,207.00099999999998,20.538,7.379,23.326,8.283,58.042,6.25,,78.347,4.098,6.994
2010.625,532.1080000000001,,207.452,20.515,7.244,23.308000000000003,8.363999999999999,58.49100000000001,6.079,,78.314,4.102,6.997999999999999
2010.7079999999999,531.977,,208.764,20.635,7.141,23.342,8.554,59.236000000000004,6.156000000000001,,78.367,4.109,7.02
2010.7920000000001,532.039,,209.993,20.77,7.082000000000001,23.41,8.675,59.823,6.263999999999999,,78.47,4.12,7.067
2010.875,531.937,,210.304,20.836,7.0329999999999995,23.46,8.786,60.099,6.358,,78.499,4.122,7.082999999999999
2010.9579999999999,531.752,,211.49599999999998,21.035999999999998,6.943,23.605,8.951,60.663000000000004,6.736000000000001,,78.602,4.13,7.124
2011.0420000000001,531.543,,211.391,21.063000000000002,6.832999999999999,23.703000000000003,9.035,60.72,6.646,,78.665,4.136,7.144
2011.125,531.25,,211.326,21.041,6.711,23.775,9.171,61.016999999999996,6.752000000000001,,78.72,4.147,7.162000000000001
2011.2079999999999,530.903,,211.433,21.074,6.657,23.834,9.203,61.044,6.712999999999999,,78.778,4.145,7.183
2011.2920000000001,530.692,,211.572,21.114,6.585,23.929000000000002,9.3,61.312,6.667999999999999,,78.861,4.155,7.211
2011.375,530.563,,212.08900000000003,21.166999999999998,6.507999999999999,23.976999999999997,9.427999999999999,61.74100000000001,6.655,,78.936,4.162,7.247000000000001
2011.4579999999999,530.178,,212.463,21.224,6.406000000000001,24.031999999999996,9.54,62.162,6.553,,78.944,4.169,7.2620000000000005
2011.5420000000001,529.87,,213.477,21.406999999999996,6.296,24.099,9.684,62.821000000000005,6.521,,79.007,4.176,7.292000000000001
2011.625,529.773,,214.084,21.451,6.166,24.151999999999997,9.811,63.42100000000001,6.382000000000001,,79.056,4.181,7.308
2011.7079999999999,529.6659999999999,,215.331,21.666,6.053,24.225,10.009,64.153,6.5120000000000005,,79.14,4.191,7.336
2011.7920000000001,529.557,,215.69,21.798000000000002,5.952000000000001,24.295,10.13,64.453,6.497999999999999,,79.208,4.194,7.36
2011.875,529.472,,216.178,21.898000000000003,5.858,24.355999999999998,10.261,64.868,6.702999999999999,,79.257,4.2,7.388999999999999
2011.9579999999999,529.2869999999999,,216.77200000000002,22.052,5.757999999999999,24.451,10.376,65.249,6.903,,79.311,4.207,7.422000000000001
2012.0420000000001,529.241,,216.933,22.06,5.725,24.526,10.514000000000001,65.377,6.886,,79.445,4.205,7.452000000000001
2012.125,529.073,,217.52900000000002,22.144000000000002,5.652,24.622,10.685,65.842,7.024,,79.498,4.213,7.494
2012.2079999999999,528.69,,217.44799999999998,22.111,5.591,24.705,10.812000000000001,66.146,7.055,,79.547,4.227,7.504
2012.2920000000001,528.461,,217.53900000000002,22.156999999999996,5.479,24.756999999999998,10.878,66.45100000000001,7.029,,79.60300000000001,4.235,7.52
2012.375,527.882,,217.78599999999997,22.27,5.398,24.808000000000003,10.925999999999998,66.661,6.928999999999999,,79.661,4.245,7.541
2012.4579999999999,527.726,,218.28599999999997,22.36,5.2620000000000005,24.904,11.042,67.048,6.763999999999999,,79.715,4.252,7.563
2012.5420000000001,527.2919999999999,,219.041,22.461,5.145,24.98,11.187000000000001,67.76,6.678,,79.763,4.248,7.585
2012.625,526.934,,219.99599999999998,22.569000000000003,5.034,25.033,11.424000000000001,68.645,6.666,,79.81,4.256,7.6129999999999995
2012.7079999999999,526.7919999999999,,220.43099999999998,22.624000000000002,4.971,25.084,11.537,69.007,6.705,,79.868,4.261,7.622999999999999
2012.7920000000001,526.839,,220.9,22.735,4.899,25.183000000000003,11.658,69.217,6.59,,79.936,4.263999999999999,7.659
2012.875,526.793,,222.27,22.971999999999998,4.83,25.346,11.88,69.964,6.861000000000001,,80.018,4.27,7.705
2012.9579999999999,526.681,,222.731,23.098000000000003,4.756,25.474,12.029000000000002,70.34100000000001,6.945,,80.107,4.284,7.744
1992.0833329999998,,2.757786968,,,,,,,,,,,
1992.25,,2.8367967039999997,,,,,,,,,,,
1992.4166670000002,,2.878488325,,,,,,,,,,,
1992.5833329999998,,2.880819102,,,,,,,,,,,
1992.75,,2.94436426,,,,,,,,,,,
1992.9166670000002,,3.0305784439999996,,,,,,,,,,,
1993.0833329999998,,2.9930931569999997,,,,,,,,,,,
1993.25,,3.0240226239999997,,,,,,,,,,,
1993.4166670000002,,3.043429237,,,,,,,,,,,
1993.5833329999998,,3.038571184,,,,,,,,,,,
1993.75,,3.0861855769999997,,,,,,,,,,,
1993.9166670000002,,3.169191553,,,,,,,,,,,
1994.0833329999998,,3.186682822,,,,,,,,,,,
1994.25,,3.251061903,,,,,,,,,,,
1994.4166670000002,,3.31209531,,,,,,,,,,,
1994.5833329999998,,3.292981422,,,,,,,,,,,
1994.75,,3.347509923,,,,,,,,,,,
1994.9166670000002,,3.378544555,,,,,,,,,,,
1995.0833329999998,,3.375736732,,,,,,,,,,,
1995.25,,3.4064067839999996,,,,,,,,,,,
1995.4166670000002,,3.433863077,,,,,,,,,,,
1995.5833329999998,,3.442643004,,,,,,,,,,,
1995.75,,3.5054019260000002,,,,,,,,,,,
1995.9166670000002,,3.52904631,,,,,,,,,,,
1996.0833329999998,,3.554549761,,,,,,,,,,,
1996.25,,3.5807806369999997,,,,,,,,,,,
1996.4166670000002,,3.585540205,,,,,,,,,,,
1996.5833329999998,,3.606735555,,,,,,,,,,,
1996.75,,3.6546297080000003,,,,,,,,,,,
1996.9166670000002,,3.698546315,,,,,,,,,,,
1997.0833329999998,,3.72225101,,,,,,,,,,,
1997.25,,3.7219341,,,,,,,,,,,
1997.4166670000002,,3.7819663919999997,,,,,,,,,,,
1997.5833329999998,,3.7846450419999997,,,,,,,,,,,
1997.75,,3.807163397,,,,,,,,,,,
1997.9166670000002,,3.8259762489999996,,,,,,,,,,,
1998.0833329999998,,3.844640739,,,,,,,,,,,
1998.25,,3.8582565030000002,,,,,,,,,,,
1998.4166670000002,,3.8749333360000002,,,,,,,,,,,
1998.5833329999998,,3.883141057,,,,,,,,,,,
1998.75,,3.9212871710000003,,,,,,,,,,,
1998.9166670000002,,3.9507558439999997,,,,,,,,,,,
1999.0833329999998,,3.974576955,,,,,,,,,,,
1999.25,,3.98832302,,,,,,,,,,,
1999.4166670000002,,4.012725217,,,,,,,,,,,
1999.5833329999998,,3.993069119,,,,,,,,,,,
1999.75,,4.035975942,,,,,,,,,,,
1999.9166670000002,,4.060018491,,,,,,,,,,,
2000.0833329999998,,4.086226518999999,,,,,,,,,,,
2000.25,,4.110344862,,,,,,,,,,,
2000.4166670000002,,4.098429242,,,,,,,,,,,
2000.5833329999998,,4.104893662,,,,,,,,,,,
2000.75,,4.123410546000001,,,,,,,,,,,
2000.9166670000002,,4.148522303,,,,,,,,,,,
2001.0833329999998,,4.157012609,,,,,,,,,,,
2001.25,,4.179122683,,,,,,,,,,,
2001.4166670000002,,4.166256801,,,,,,,,,,,
2001.5833329999998,,4.171506101,,,,,,,,,,,
2001.75,,4.192722701,,,,,,,,,,,
2001.9166670000002,,4.211593705,,,,,,,,,,,
2002.0833329999998,,4.222310114,,,,,,,,,,,
2002.25,,4.228197757,,,,,,,,,,,
2002.4166670000002,,4.227557443,,,,,,,,,,,
2002.5833329999998,,4.225186366,,,,,,,,,,,
2002.75,,4.246366716,,,,,,,,,,,
2002.9166670000002,,4.26517384,,,,,,,,,,,
2003.0833329999998,,4.267262378,,,,,,,,,,,
2003.25,,4.267995611,,,,,,,,,,,
2003.4166670000002,,4.274001751,,,,,,,,,,,
2003.5833329999998,,4.266660712,,,,,,,,,,,
2003.75,,4.290163338,,,,,,,,,,,
2003.9166670000002,,4.283453582,,,,,,,,,,,
2004.0833329999998,,4.288152129,,,,,,,,,,,
2004.25,,4.290694495,,,,,,,,,,,
2004.4166670000002,,4.300683798000001,,,,,,,,,,,
2004.5833329999998,,4.290188115,,,,,,,,,,,
2004.75,,4.308505198,,,,,,,,,,,
2004.9166670000002,,4.31327898,,,,,,,,,,,
2005.0833329999998,,4.299579324,,,,,,,,,,,
2005.25,,4.317604011,,,,,,,,,,,
2005.4166670000002,,4.303226668,,,,,,,,,,,
2005.5833329999998,,4.304345661,,,,,,,,,,,
2005.75,,4.308818873,,,,,,,,,,,
2005.9166670000002,,4.314717803,,,,,,,,,,,
2006.0833329999998,,4.313302964,,,,,,,,,,,
2006.25,,4.30481049,,,,,,,,,,,
2006.4166670000002,,4.302138589,,,,,,,,,,,
2006.5833329999998,,4.289020141,,,,,,,,,,,
2006.75,,4.289346607,,,,,,,,,,,
2006.9166670000002,,4.289198241,,,,,,,,,,,
2007.0833329999998,,4.290175033,,,,,,,,,,,
2007.25,,4.283054006,,,,,,,,,,,
2007.4166670000002,,4.267668843,,,,,,,,,,,
2007.5833329999998,,4.24813504,,,,,,,,,,,
2007.75,,4.240083505,,,,,,,,,,,
2007.9166670000002,,4.251127006,,,,,,,,,,,
2008.0833329999998,,4.23225983,,,,,,,,,,,
2008.25,,4.212926605,,,,,,,,,,,
2008.4166670000002,,4.205070737,,,,,,,,,,,
2008.5833329999998,,4.180337797,,,,,,,,,,,
2008.75,,4.185001294,,,,,,,,,,,
2008.9166670000002,,4.163645719,,,,,,,,,,,
2009.0833329999998,,4.156160218,,,,,,,,,,,
2009.25,,4.139542006,,,,,,,,,,,
2009.4166670000002,,4.138594208,,,,,,,,,,,
2009.5833329999998,,4.13061415,,,,,,,,,,,
2009.75,,4.123853832,,,,,,,,,,,
2009.9166670000002,,4.119146833,,,,,,,,,,,
2010.0833329999998,,4.108322472,,,,,,,,,,,
2010.25,,4.0907732139999995,,,,,,,,,,,
2010.4166670000002,,4.071087012,,,,,,,,,,,
2010.5833329999998,,4.055064382,,,,,,,,,,,
2010.75,,4.049098508,,,,,,,,,,,
2010.9166670000002,,4.038097745,,,,,,,,,,,
2011.0833329999998,,4.0298217780000005,,,,,,,,,,,
2011.25,,4.005630182,,,,,,,,,,,
2011.4166670000002,,4.005943138999999,,,,,,,,,,,
2011.5833329999998,,3.990142575,,,,,,,,,,,
2011.75,,3.979937319,,,,,,,,,,,
2011.9166670000002,,3.9703015489999998,,,,,,,,,,,
2012.0833329999998,,3.959827855,,,,,,,,,,,
2012.25,,3.9466589999999995,,,,,,,,,,,
2012.4166670000002,,3.91893457,,,,,,,,,,,
2012.5833329999998,,3.89540547,,,,,,,,,,,
2012.75,,3.890518282,,,,,,,,,,,
2012.9166670000002,,3.881133797,,,,,,,,,,,
1995.5,,,,,,,,,,0.083440952,,,
1998.5,,,,,,,,,,0.126391232,,,
2000.5,,,,,,,,,,0.16521933,,,
2001.5,,,,,,,,,,0.18916028199999999,,,
2002.5,,,,,,,,,,0.221621053,,,
2003.5,,,,,,,,,,0.262682254,,,
2004.5,,,,,,,,,,0.311374682,,,
2005.5,,,,,,,,,,0.36905674899999996,,,
2006.5,,,,,,,,,,0.435054706,,,
2007.5,,,,,,,,,,0.507797034,,,
2008.5,,,,,,,,,,0.589679689,,,
2009.5,,,,,,,,,,0.67889185,,,
2010.5,,,,,,,,,,0.76987291,,,
2011.5,,,,,,,,,,0.8681412940000001,,,
2012.5,,,,,,,,,,0.973617815,,,
